[     603ms] [ERROR] Failed to load resource: the server responded with a status of 401 (Unauthorized) @ http://127.0.0.1:4000/api/me:0
[   28348ms] [WARNING] Failed to execute 'postMessage' on 'DOMWindow': The target origin provided ('https://www.youtube.com') does not match the recipient window's origin ('http://127.0.0.1:4000'). @ https://www.youtube.com/s/player/8a6e7bc4/www-widgetapi.vflset/www-widgetapi.js:209
[   28597ms] [WARNING] Failed to execute 'postMessage' on 'DOMWindow': The target origin provided ('https://www.youtube.com') does not match the recipient window's origin ('http://127.0.0.1:4000'). @ https://www.youtube.com/s/player/8a6e7bc4/www-widgetapi.vflset/www-widgetapi.js:209
[   28974ms] [ERROR] Failed to load resource: net::ERR_NAME_NOT_RESOLVED @ https://googleads.g.doubleclick.net/pagead/id:0
[   28974ms] [ERROR] Failed to load resource: net::ERR_NAME_NOT_RESOLVED @ https://static.doubleclick.net/instream/ad_status.js:0
[   55466ms] [WARNING] Failed to execute 'postMessage' on 'DOMWindow': The target origin provided ('https://www.youtube.com') does not match the recipient window's origin ('http://127.0.0.1:4000'). @ https://www.youtube.com/s/player/8a6e7bc4/www-widgetapi.vflset/www-widgetapi.js:209
[   55467ms] [WARNING] Failed to execute 'postMessage' on 'DOMWindow': The target origin provided ('https://www.youtube.com') does not match the recipient window's origin ('http://127.0.0.1:4000'). @ https://www.youtube.com/s/player/8a6e7bc4/www-widgetapi.vflset/www-widgetapi.js:209
[   28974ms] [ERROR] Failed to load resource: net::ERR_NAME_NOT_RESOLVED @ https://googleads.g.doubleclick.net/pagead/id:0
[   28974ms] [ERROR] Failed to load resource: net::ERR_NAME_NOT_RESOLVED @ https://static.doubleclick.net/instream/ad_status.js:0
[   28974ms] [ERROR] Failed to load resource: net::ERR_NAME_NOT_RESOLVED @ https://googleads.g.doubleclick.net/pagead/id:0
[   28974ms] [ERROR] Failed to load resource: net::ERR_NAME_NOT_RESOLVED @ https://static.doubleclick.net/instream/ad_status.js:0
[   55640ms] [ERROR] Failed to load resource: net::ERR_NAME_NOT_RESOLVED @ https://googleads.g.doubleclick.net/pagead/id:0
[   55640ms] [ERROR] Failed to load resource: net::ERR_NAME_NOT_RESOLVED @ https://static.doubleclick.net/instream/ad_status.js:0
[   55682ms] [ERROR] Failed to load resource: net::ERR_NAME_NOT_RESOLVED @ https://static.doubleclick.net/instream/ad_status.js:0
[   55683ms] [ERROR] Failed to load resource: net::ERR_NAME_NOT_RESOLVED @ https://googleads.g.doubleclick.net/pagead/id:0
[   60946ms] [WARNING] Failed to execute 'postMessage' on 'DOMWindow': The target origin provided ('https://www.youtube.com') does not match the recipient window's origin ('http://127.0.0.1:4000'). @ https://www.youtube.com/s/player/8a6e7bc4/www-widgetapi.vflset/www-widgetapi.js:209
[   28974ms] [ERROR] Failed to load resource: net::ERR_NAME_NOT_RESOLVED @ https://googleads.g.doubleclick.net/pagead/id:0
[   28974ms] [ERROR] Failed to load resource: net::ERR_NAME_NOT_RESOLVED @ https://static.doubleclick.net/instream/ad_status.js:0
[   55640ms] [ERROR] Failed to load resource: net::ERR_NAME_NOT_RESOLVED @ https://googleads.g.doubleclick.net/pagead/id:0
[   55640ms] [ERROR] Failed to load resource: net::ERR_NAME_NOT_RESOLVED @ https://static.doubleclick.net/instream/ad_status.js:0
[   55682ms] [ERROR] Failed to load resource: net::ERR_NAME_NOT_RESOLVED @ https://static.doubleclick.net/instream/ad_status.js:0
[   55683ms] [ERROR] Failed to load resource: net::ERR_NAME_NOT_RESOLVED @ https://googleads.g.doubleclick.net/pagead/id:0
[   61060ms] [ERROR] Failed to load resource: net::ERR_NAME_NOT_RESOLVED @ https://googleads.g.doubleclick.net/pagead/id:0
[   61060ms] [ERROR] Failed to load resource: net::ERR_NAME_NOT_RESOLVED @ https://static.doubleclick.net/instream/ad_status.js:0
[   28974ms] [ERROR] Failed to load resource: net::ERR_NAME_NOT_RESOLVED @ https://googleads.g.doubleclick.net/pagead/id:0
[   28974ms] [ERROR] Failed to load resource: net::ERR_NAME_NOT_RESOLVED @ https://static.doubleclick.net/instream/ad_status.js:0
[   55640ms] [ERROR] Failed to load resource: net::ERR_NAME_NOT_RESOLVED @ https://googleads.g.doubleclick.net/pagead/id:0
[   55640ms] [ERROR] Failed to load resource: net::ERR_NAME_NOT_RESOLVED @ https://static.doubleclick.net/instream/ad_status.js:0
[   55682ms] [ERROR] Failed to load resource: net::ERR_NAME_NOT_RESOLVED @ https://static.doubleclick.net/instream/ad_status.js:0
[   55683ms] [ERROR] Failed to load resource: net::ERR_NAME_NOT_RESOLVED @ https://googleads.g.doubleclick.net/pagead/id:0
[   61060ms] [ERROR] Failed to load resource: net::ERR_NAME_NOT_RESOLVED @ https://googleads.g.doubleclick.net/pagead/id:0
[   61060ms] [ERROR] Failed to load resource: net::ERR_NAME_NOT_RESOLVED @ https://static.doubleclick.net/instream/ad_status.js:0
[   66319ms] [WARNING] Failed to execute 'postMessage' on 'DOMWindow': The target origin provided ('https://www.youtube.com') does not match the recipient window's origin ('http://127.0.0.1:4000'). @ https://www.youtube.com/s/player/8a6e7bc4/www-widgetapi.vflset/www-widgetapi.js:209
[   66400ms] [ERROR] Failed to load resource: net::ERR_NAME_NOT_RESOLVED @ https://googleads.g.doubleclick.net/pagead/id:0
[   66400ms] [ERROR] Failed to load resource: net::ERR_NAME_NOT_RESOLVED @ https://static.doubleclick.net/instream/ad_status.js:0
[   71666ms] [WARNING] Failed to execute 'postMessage' on 'DOMWindow': The target origin provided ('https://www.youtube.com') does not match the recipient window's origin ('http://127.0.0.1:4000'). @ https://www.youtube.com/s/player/8a6e7bc4/www-widgetapi.vflset/www-widgetapi.js:209
[   28974ms] [ERROR] Failed to load resource: net::ERR_NAME_NOT_RESOLVED @ https://googleads.g.doubleclick.net/pagead/id:0
[   28974ms] [ERROR] Failed to load resource: net::ERR_NAME_NOT_RESOLVED @ https://static.doubleclick.net/instream/ad_status.js:0
[   55640ms] [ERROR] Failed to load resource: net::ERR_NAME_NOT_RESOLVED @ https://googleads.g.doubleclick.net/pagead/id:0
[   55640ms] [ERROR] Failed to load resource: net::ERR_NAME_NOT_RESOLVED @ https://static.doubleclick.net/instream/ad_status.js:0
[   55682ms] [ERROR] Failed to load resource: net::ERR_NAME_NOT_RESOLVED @ https://static.doubleclick.net/instream/ad_status.js:0
[   55683ms] [ERROR] Failed to load resource: net::ERR_NAME_NOT_RESOLVED @ https://googleads.g.doubleclick.net/pagead/id:0
[   61060ms] [ERROR] Failed to load resource: net::ERR_NAME_NOT_RESOLVED @ https://googleads.g.doubleclick.net/pagead/id:0
[   61060ms] [ERROR] Failed to load resource: net::ERR_NAME_NOT_RESOLVED @ https://static.doubleclick.net/instream/ad_status.js:0
[   66400ms] [ERROR] Failed to load resource: net::ERR_NAME_NOT_RESOLVED @ https://googleads.g.doubleclick.net/pagead/id:0
[   66400ms] [ERROR] Failed to load resource: net::ERR_NAME_NOT_RESOLVED @ https://static.doubleclick.net/instream/ad_status.js:0
[   71850ms] [ERROR] Failed to load resource: net::ERR_NAME_NOT_RESOLVED @ https://googleads.g.doubleclick.net/pagead/id:0
[   71850ms] [ERROR] Failed to load resource: net::ERR_NAME_NOT_RESOLVED @ https://static.doubleclick.net/instream/ad_status.js:0
[   77113ms] [WARNING] Failed to execute 'postMessage' on 'DOMWindow': The target origin provided ('https://www.youtube.com') does not match the recipient window's origin ('http://127.0.0.1:4000'). @ https://www.youtube.com/s/player/8a6e7bc4/www-widgetapi.vflset/www-widgetapi.js:209
[   28974ms] [ERROR] Failed to load resource: net::ERR_NAME_NOT_RESOLVED @ https://googleads.g.doubleclick.net/pagead/id:0
[   28974ms] [ERROR] Failed to load resource: net::ERR_NAME_NOT_RESOLVED @ https://static.doubleclick.net/instream/ad_status.js:0
[   55640ms] [ERROR] Failed to load resource: net::ERR_NAME_NOT_RESOLVED @ https://googleads.g.doubleclick.net/pagead/id:0
[   55640ms] [ERROR] Failed to load resource: net::ERR_NAME_NOT_RESOLVED @ https://static.doubleclick.net/instream/ad_status.js:0
[   55682ms] [ERROR] Failed to load resource: net::ERR_NAME_NOT_RESOLVED @ https://static.doubleclick.net/instream/ad_status.js:0
[   55683ms] [ERROR] Failed to load resource: net::ERR_NAME_NOT_RESOLVED @ https://googleads.g.doubleclick.net/pagead/id:0
[   61060ms] [ERROR] Failed to load resource: net::ERR_NAME_NOT_RESOLVED @ https://googleads.g.doubleclick.net/pagead/id:0
[   61060ms] [ERROR] Failed to load resource: net::ERR_NAME_NOT_RESOLVED @ https://static.doubleclick.net/instream/ad_status.js:0
[   66400ms] [ERROR] Failed to load resource: net::ERR_NAME_NOT_RESOLVED @ https://googleads.g.doubleclick.net/pagead/id:0
[   66400ms] [ERROR] Failed to load resource: net::ERR_NAME_NOT_RESOLVED @ https://static.doubleclick.net/instream/ad_status.js:0
[   71850ms] [ERROR] Failed to load resource: net::ERR_NAME_NOT_RESOLVED @ https://googleads.g.doubleclick.net/pagead/id:0
[   71850ms] [ERROR] Failed to load resource: net::ERR_NAME_NOT_RESOLVED @ https://static.doubleclick.net/instream/ad_status.js:0
[   77308ms] [ERROR] Failed to load resource: net::ERR_NAME_NOT_RESOLVED @ https://static.doubleclick.net/instream/ad_status.js:0
[   77309ms] [ERROR] Failed to load resource: net::ERR_NAME_NOT_RESOLVED @ https://googleads.g.doubleclick.net/pagead/id:0
[   28974ms] [ERROR] Failed to load resource: net::ERR_NAME_NOT_RESOLVED @ https://googleads.g.doubleclick.net/pagead/id:0
[   28974ms] [ERROR] Failed to load resource: net::ERR_NAME_NOT_RESOLVED @ https://static.doubleclick.net/instream/ad_status.js:0
[   55640ms] [ERROR] Failed to load resource: net::ERR_NAME_NOT_RESOLVED @ https://googleads.g.doubleclick.net/pagead/id:0
[   55640ms] [ERROR] Failed to load resource: net::ERR_NAME_NOT_RESOLVED @ https://static.doubleclick.net/instream/ad_status.js:0
[   55682ms] [ERROR] Failed to load resource: net::ERR_NAME_NOT_RESOLVED @ https://static.doubleclick.net/instream/ad_status.js:0
[   55683ms] [ERROR] Failed to load resource: net::ERR_NAME_NOT_RESOLVED @ https://googleads.g.doubleclick.net/pagead/id:0
[   61060ms] [ERROR] Failed to load resource: net::ERR_NAME_NOT_RESOLVED @ https://googleads.g.doubleclick.net/pagead/id:0
[   61060ms] [ERROR] Failed to load resource: net::ERR_NAME_NOT_RESOLVED @ https://static.doubleclick.net/instream/ad_status.js:0
[   66400ms] [ERROR] Failed to load resource: net::ERR_NAME_NOT_RESOLVED @ https://googleads.g.doubleclick.net/pagead/id:0
[   66400ms] [ERROR] Failed to load resource: net::ERR_NAME_NOT_RESOLVED @ https://static.doubleclick.net/instream/ad_status.js:0
[   71850ms] [ERROR] Failed to load resource: net::ERR_NAME_NOT_RESOLVED @ https://googleads.g.doubleclick.net/pagead/id:0
[   71850ms] [ERROR] Failed to load resource: net::ERR_NAME_NOT_RESOLVED @ https://static.doubleclick.net/instream/ad_status.js:0
[   77308ms] [ERROR] Failed to load resource: net::ERR_NAME_NOT_RESOLVED @ https://static.doubleclick.net/instream/ad_status.js:0
[   77309ms] [ERROR] Failed to load resource: net::ERR_NAME_NOT_RESOLVED @ https://googleads.g.doubleclick.net/pagead/id:0
[   82570ms] [WARNING] Failed to execute 'postMessage' on 'DOMWindow': The target origin provided ('https://www.youtube.com') does not match the recipient window's origin ('http://127.0.0.1:4000'). @ https://www.youtube.com/s/player/8a6e7bc4/www-widgetapi.vflset/www-widgetapi.js:209
[   82649ms] [ERROR] Failed to load resource: net::ERR_NAME_NOT_RESOLVED @ https://googleads.g.doubleclick.net/pagead/id:0
[   82650ms] [ERROR] Failed to load resource: net::ERR_NAME_NOT_RESOLVED @ https://static.doubleclick.net/instream/ad_status.js:0
[   87911ms] [WARNING] Failed to execute 'postMessage' on 'DOMWindow': The target origin provided ('https://www.youtube.com') does not match the recipient window's origin ('http://127.0.0.1:4000'). @ https://www.youtube.com/s/player/8a6e7bc4/www-widgetapi.vflset/www-widgetapi.js:209
[   28974ms] [ERROR] Failed to load resource: net::ERR_NAME_NOT_RESOLVED @ https://googleads.g.doubleclick.net/pagead/id:0
[   28974ms] [ERROR] Failed to load resource: net::ERR_NAME_NOT_RESOLVED @ https://static.doubleclick.net/instream/ad_status.js:0
[   55640ms] [ERROR] Failed to load resource: net::ERR_NAME_NOT_RESOLVED @ https://googleads.g.doubleclick.net/pagead/id:0
[   55640ms] [ERROR] Failed to load resource: net::ERR_NAME_NOT_RESOLVED @ https://static.doubleclick.net/instream/ad_status.js:0
[   55682ms] [ERROR] Failed to load resource: net::ERR_NAME_NOT_RESOLVED @ https://static.doubleclick.net/instream/ad_status.js:0
[   55683ms] [ERROR] Failed to load resource: net::ERR_NAME_NOT_RESOLVED @ https://googleads.g.doubleclick.net/pagead/id:0
[   61060ms] [ERROR] Failed to load resource: net::ERR_NAME_NOT_RESOLVED @ https://googleads.g.doubleclick.net/pagead/id:0
[   61060ms] [ERROR] Failed to load resource: net::ERR_NAME_NOT_RESOLVED @ https://static.doubleclick.net/instream/ad_status.js:0
[   66400ms] [ERROR] Failed to load resource: net::ERR_NAME_NOT_RESOLVED @ https://googleads.g.doubleclick.net/pagead/id:0
[   66400ms] [ERROR] Failed to load resource: net::ERR_NAME_NOT_RESOLVED @ https://static.doubleclick.net/instream/ad_status.js:0
[   71850ms] [ERROR] Failed to load resource: net::ERR_NAME_NOT_RESOLVED @ https://googleads.g.doubleclick.net/pagead/id:0
[   71850ms] [ERROR] Failed to load resource: net::ERR_NAME_NOT_RESOLVED @ https://static.doubleclick.net/instream/ad_status.js:0
[   77308ms] [ERROR] Failed to load resource: net::ERR_NAME_NOT_RESOLVED @ https://static.doubleclick.net/instream/ad_status.js:0
[   77309ms] [ERROR] Failed to load resource: net::ERR_NAME_NOT_RESOLVED @ https://googleads.g.doubleclick.net/pagead/id:0
[   82649ms] [ERROR] Failed to load resource: net::ERR_NAME_NOT_RESOLVED @ https://googleads.g.doubleclick.net/pagead/id:0
[   82650ms] [ERROR] Failed to load resource: net::ERR_NAME_NOT_RESOLVED @ https://static.doubleclick.net/instream/ad_status.js:0
[   88015ms] [ERROR] Failed to load resource: net::ERR_NAME_NOT_RESOLVED @ https://googleads.g.doubleclick.net/pagead/id:0
[   88015ms] [ERROR] Failed to load resource: net::ERR_NAME_NOT_RESOLVED @ https://static.doubleclick.net/instream/ad_status.js:0
[   93280ms] [WARNING] Failed to execute 'postMessage' on 'DOMWindow': The target origin provided ('https://www.youtube.com') does not match the recipient window's origin ('http://127.0.0.1:4000'). @ https://www.youtube.com/s/player/8a6e7bc4/www-widgetapi.vflset/www-widgetapi.js:209
[   28974ms] [ERROR] Failed to load resource: net::ERR_NAME_NOT_RESOLVED @ https://googleads.g.doubleclick.net/pagead/id:0
[   28974ms] [ERROR] Failed to load resource: net::ERR_NAME_NOT_RESOLVED @ https://static.doubleclick.net/instream/ad_status.js:0
[   55640ms] [ERROR] Failed to load resource: net::ERR_NAME_NOT_RESOLVED @ https://googleads.g.doubleclick.net/pagead/id:0
[   55640ms] [ERROR] Failed to load resource: net::ERR_NAME_NOT_RESOLVED @ https://static.doubleclick.net/instream/ad_status.js:0
[   55682ms] [ERROR] Failed to load resource: net::ERR_NAME_NOT_RESOLVED @ https://static.doubleclick.net/instream/ad_status.js:0
[   55683ms] [ERROR] Failed to load resource: net::ERR_NAME_NOT_RESOLVED @ https://googleads.g.doubleclick.net/pagead/id:0
[   61060ms] [ERROR] Failed to load resource: net::ERR_NAME_NOT_RESOLVED @ https://googleads.g.doubleclick.net/pagead/id:0
[   61060ms] [ERROR] Failed to load resource: net::ERR_NAME_NOT_RESOLVED @ https://static.doubleclick.net/instream/ad_status.js:0
[   66400ms] [ERROR] Failed to load resource: net::ERR_NAME_NOT_RESOLVED @ https://googleads.g.doubleclick.net/pagead/id:0
[   66400ms] [ERROR] Failed to load resource: net::ERR_NAME_NOT_RESOLVED @ https://static.doubleclick.net/instream/ad_status.js:0
[   71850ms] [ERROR] Failed to load resource: net::ERR_NAME_NOT_RESOLVED @ https://googleads.g.doubleclick.net/pagead/id:0
[   71850ms] [ERROR] Failed to load resource: net::ERR_NAME_NOT_RESOLVED @ https://static.doubleclick.net/instream/ad_status.js:0
[   77308ms] [ERROR] Failed to load resource: net::ERR_NAME_NOT_RESOLVED @ https://static.doubleclick.net/instream/ad_status.js:0
[   77309ms] [ERROR] Failed to load resource: net::ERR_NAME_NOT_RESOLVED @ https://googleads.g.doubleclick.net/pagead/id:0
[   82649ms] [ERROR] Failed to load resource: net::ERR_NAME_NOT_RESOLVED @ https://googleads.g.doubleclick.net/pagead/id:0
[   82650ms] [ERROR] Failed to load resource: net::ERR_NAME_NOT_RESOLVED @ https://static.doubleclick.net/instream/ad_status.js:0
[   88015ms] [ERROR] Failed to load resource: net::ERR_NAME_NOT_RESOLVED @ https://googleads.g.doubleclick.net/pagead/id:0
[   88015ms] [ERROR] Failed to load resource: net::ERR_NAME_NOT_RESOLVED @ https://static.doubleclick.net/instream/ad_status.js:0
[   93591ms] [ERROR] Failed to load resource: net::ERR_NAME_NOT_RESOLVED @ https://static.doubleclick.net/instream/ad_status.js:0
[   93591ms] [ERROR] Failed to load resource: net::ERR_NAME_NOT_RESOLVED @ https://googleads.g.doubleclick.net/pagead/id:0
[   98853ms] [WARNING] Failed to execute 'postMessage' on 'DOMWindow': The target origin provided ('https://www.youtube.com') does not match the recipient window's origin ('http://127.0.0.1:4000'). @ https://www.youtube.com/s/player/8a6e7bc4/www-widgetapi.vflset/www-widgetapi.js:209
[   28974ms] [ERROR] Failed to load resource: net::ERR_NAME_NOT_RESOLVED @ https://googleads.g.doubleclick.net/pagead/id:0
[   28974ms] [ERROR] Failed to load resource: net::ERR_NAME_NOT_RESOLVED @ https://static.doubleclick.net/instream/ad_status.js:0
[   55640ms] [ERROR] Failed to load resource: net::ERR_NAME_NOT_RESOLVED @ https://googleads.g.doubleclick.net/pagead/id:0
[   55640ms] [ERROR] Failed to load resource: net::ERR_NAME_NOT_RESOLVED @ https://static.doubleclick.net/instream/ad_status.js:0
[   55682ms] [ERROR] Failed to load resource: net::ERR_NAME_NOT_RESOLVED @ https://static.doubleclick.net/instream/ad_status.js:0
[   55683ms] [ERROR] Failed to load resource: net::ERR_NAME_NOT_RESOLVED @ https://googleads.g.doubleclick.net/pagead/id:0
[   61060ms] [ERROR] Failed to load resource: net::ERR_NAME_NOT_RESOLVED @ https://googleads.g.doubleclick.net/pagead/id:0
[   61060ms] [ERROR] Failed to load resource: net::ERR_NAME_NOT_RESOLVED @ https://static.doubleclick.net/instream/ad_status.js:0
[   66400ms] [ERROR] Failed to load resource: net::ERR_NAME_NOT_RESOLVED @ https://googleads.g.doubleclick.net/pagead/id:0
[   66400ms] [ERROR] Failed to load resource: net::ERR_NAME_NOT_RESOLVED @ https://static.doubleclick.net/instream/ad_status.js:0
[   71850ms] [ERROR] Failed to load resource: net::ERR_NAME_NOT_RESOLVED @ https://googleads.g.doubleclick.net/pagead/id:0
[   71850ms] [ERROR] Failed to load resource: net::ERR_NAME_NOT_RESOLVED @ https://static.doubleclick.net/instream/ad_status.js:0
[   77308ms] [ERROR] Failed to load resource: net::ERR_NAME_NOT_RESOLVED @ https://static.doubleclick.net/instream/ad_status.js:0
[   77309ms] [ERROR] Failed to load resource: net::ERR_NAME_NOT_RESOLVED @ https://googleads.g.doubleclick.net/pagead/id:0
[   82649ms] [ERROR] Failed to load resource: net::ERR_NAME_NOT_RESOLVED @ https://googleads.g.doubleclick.net/pagead/id:0
[   82650ms] [ERROR] Failed to load resource: net::ERR_NAME_NOT_RESOLVED @ https://static.doubleclick.net/instream/ad_status.js:0
[   88015ms] [ERROR] Failed to load resource: net::ERR_NAME_NOT_RESOLVED @ https://googleads.g.doubleclick.net/pagead/id:0
[   88015ms] [ERROR] Failed to load resource: net::ERR_NAME_NOT_RESOLVED @ https://static.doubleclick.net/instream/ad_status.js:0
[   93591ms] [ERROR] Failed to load resource: net::ERR_NAME_NOT_RESOLVED @ https://static.doubleclick.net/instream/ad_status.js:0
[   93591ms] [ERROR] Failed to load resource: net::ERR_NAME_NOT_RESOLVED @ https://googleads.g.doubleclick.net/pagead/id:0
[   98946ms] [ERROR] Failed to load resource: net::ERR_NAME_NOT_RESOLVED @ https://googleads.g.doubleclick.net/pagead/id:0
[   98946ms] [ERROR] Failed to load resource: net::ERR_NAME_NOT_RESOLVED @ https://static.doubleclick.net/instream/ad_status.js:0
[  104211ms] [WARNING] Failed to execute 'postMessage' on 'DOMWindow': The target origin provided ('https://www.youtube.com') does not match the recipient window's origin ('http://127.0.0.1:4000'). @ https://www.youtube.com/s/player/8a6e7bc4/www-widgetapi.vflset/www-widgetapi.js:209
[  104460ms] [WARNING] Failed to execute 'postMessage' on 'DOMWindow': The target origin provided ('https://www.youtube.com') does not match the recipient window's origin ('http://127.0.0.1:4000'). @ https://www.youtube.com/s/player/8a6e7bc4/www-widgetapi.vflset/www-widgetapi.js:209
[   28974ms] [ERROR] Failed to load resource: net::ERR_NAME_NOT_RESOLVED @ https://googleads.g.doubleclick.net/pagead/id:0
[   28974ms] [ERROR] Failed to load resource: net::ERR_NAME_NOT_RESOLVED @ https://static.doubleclick.net/instream/ad_status.js:0
[   55640ms] [ERROR] Failed to load resource: net::ERR_NAME_NOT_RESOLVED @ https://googleads.g.doubleclick.net/pagead/id:0
[   55640ms] [ERROR] Failed to load resource: net::ERR_NAME_NOT_RESOLVED @ https://static.doubleclick.net/instream/ad_status.js:0
[   55682ms] [ERROR] Failed to load resource: net::ERR_NAME_NOT_RESOLVED @ https://static.doubleclick.net/instream/ad_status.js:0
[   55683ms] [ERROR] Failed to load resource: net::ERR_NAME_NOT_RESOLVED @ https://googleads.g.doubleclick.net/pagead/id:0
[   61060ms] [ERROR] Failed to load resource: net::ERR_NAME_NOT_RESOLVED @ https://googleads.g.doubleclick.net/pagead/id:0
[   61060ms] [ERROR] Failed to load resource: net::ERR_NAME_NOT_RESOLVED @ https://static.doubleclick.net/instream/ad_status.js:0
[   66400ms] [ERROR] Failed to load resource: net::ERR_NAME_NOT_RESOLVED @ https://googleads.g.doubleclick.net/pagead/id:0
[   66400ms] [ERROR] Failed to load resource: net::ERR_NAME_NOT_RESOLVED @ https://static.doubleclick.net/instream/ad_status.js:0
[   71850ms] [ERROR] Failed to load resource: net::ERR_NAME_NOT_RESOLVED @ https://googleads.g.doubleclick.net/pagead/id:0
[   71850ms] [ERROR] Failed to load resource: net::ERR_NAME_NOT_RESOLVED @ https://static.doubleclick.net/instream/ad_status.js:0
[   77308ms] [ERROR] Failed to load resource: net::ERR_NAME_NOT_RESOLVED @ https://static.doubleclick.net/instream/ad_status.js:0
[   77309ms] [ERROR] Failed to load resource: net::ERR_NAME_NOT_RESOLVED @ https://googleads.g.doubleclick.net/pagead/id:0
[   82649ms] [ERROR] Failed to load resource: net::ERR_NAME_NOT_RESOLVED @ https://googleads.g.doubleclick.net/pagead/id:0
[   82650ms] [ERROR] Failed to load resource: net::ERR_NAME_NOT_RESOLVED @ https://static.doubleclick.net/instream/ad_status.js:0
[   88015ms] [ERROR] Failed to load resource: net::ERR_NAME_NOT_RESOLVED @ https://googleads.g.doubleclick.net/pagead/id:0
[   88015ms] [ERROR] Failed to load resource: net::ERR_NAME_NOT_RESOLVED @ https://static.doubleclick.net/instream/ad_status.js:0
[   93591ms] [ERROR] Failed to load resource: net::ERR_NAME_NOT_RESOLVED @ https://static.doubleclick.net/instream/ad_status.js:0
[   93591ms] [ERROR] Failed to load resource: net::ERR_NAME_NOT_RESOLVED @ https://googleads.g.doubleclick.net/pagead/id:0
[   98946ms] [ERROR] Failed to load resource: net::ERR_NAME_NOT_RESOLVED @ https://googleads.g.doubleclick.net/pagead/id:0
[   98946ms] [ERROR] Failed to load resource: net::ERR_NAME_NOT_RESOLVED @ https://static.doubleclick.net/instream/ad_status.js:0
[  104772ms] [ERROR] Failed to load resource: net::ERR_NAME_NOT_RESOLVED @ https://static.doubleclick.net/instream/ad_status.js:0
[  104772ms] [ERROR] Failed to load resource: net::ERR_NAME_NOT_RESOLVED @ https://googleads.g.doubleclick.net/pagead/id:0
[  110044ms] [WARNING] Failed to execute 'postMessage' on 'DOMWindow': The target origin provided ('https://www.youtube.com') does not match the recipient window's origin ('http://127.0.0.1:4000'). @ https://www.youtube.com/s/player/8a6e7bc4/www-widgetapi.vflset/www-widgetapi.js:209
[   28974ms] [ERROR] Failed to load resource: net::ERR_NAME_NOT_RESOLVED @ https://googleads.g.doubleclick.net/pagead/id:0
[   28974ms] [ERROR] Failed to load resource: net::ERR_NAME_NOT_RESOLVED @ https://static.doubleclick.net/instream/ad_status.js:0
[   55640ms] [ERROR] Failed to load resource: net::ERR_NAME_NOT_RESOLVED @ https://googleads.g.doubleclick.net/pagead/id:0
[   55640ms] [ERROR] Failed to load resource: net::ERR_NAME_NOT_RESOLVED @ https://static.doubleclick.net/instream/ad_status.js:0
[   55682ms] [ERROR] Failed to load resource: net::ERR_NAME_NOT_RESOLVED @ https://static.doubleclick.net/instream/ad_status.js:0
[   55683ms] [ERROR] Failed to load resource: net::ERR_NAME_NOT_RESOLVED @ https://googleads.g.doubleclick.net/pagead/id:0
[   61060ms] [ERROR] Failed to load resource: net::ERR_NAME_NOT_RESOLVED @ https://googleads.g.doubleclick.net/pagead/id:0
[   61060ms] [ERROR] Failed to load resource: net::ERR_NAME_NOT_RESOLVED @ https://static.doubleclick.net/instream/ad_status.js:0
[   66400ms] [ERROR] Failed to load resource: net::ERR_NAME_NOT_RESOLVED @ https://googleads.g.doubleclick.net/pagead/id:0
[   66400ms] [ERROR] Failed to load resource: net::ERR_NAME_NOT_RESOLVED @ https://static.doubleclick.net/instream/ad_status.js:0
[   71850ms] [ERROR] Failed to load resource: net::ERR_NAME_NOT_RESOLVED @ https://googleads.g.doubleclick.net/pagead/id:0
[   71850ms] [ERROR] Failed to load resource: net::ERR_NAME_NOT_RESOLVED @ https://static.doubleclick.net/instream/ad_status.js:0
[   77308ms] [ERROR] Failed to load resource: net::ERR_NAME_NOT_RESOLVED @ https://static.doubleclick.net/instream/ad_status.js:0
[   77309ms] [ERROR] Failed to load resource: net::ERR_NAME_NOT_RESOLVED @ https://googleads.g.doubleclick.net/pagead/id:0
[   82649ms] [ERROR] Failed to load resource: net::ERR_NAME_NOT_RESOLVED @ https://googleads.g.doubleclick.net/pagead/id:0
[   82650ms] [ERROR] Failed to load resource: net::ERR_NAME_NOT_RESOLVED @ https://static.doubleclick.net/instream/ad_status.js:0
[   88015ms] [ERROR] Failed to load resource: net::ERR_NAME_NOT_RESOLVED @ https://googleads.g.doubleclick.net/pagead/id:0
[   88015ms] [ERROR] Failed to load resource: net::ERR_NAME_NOT_RESOLVED @ https://static.doubleclick.net/instream/ad_status.js:0
[   93591ms] [ERROR] Failed to load resource: net::ERR_NAME_NOT_RESOLVED @ https://static.doubleclick.net/instream/ad_status.js:0
[   93591ms] [ERROR] Failed to load resource: net::ERR_NAME_NOT_RESOLVED @ https://googleads.g.doubleclick.net/pagead/id:0
[   98946ms] [ERROR] Failed to load resource: net::ERR_NAME_NOT_RESOLVED @ https://googleads.g.doubleclick.net/pagead/id:0
[   98946ms] [ERROR] Failed to load resource: net::ERR_NAME_NOT_RESOLVED @ https://static.doubleclick.net/instream/ad_status.js:0
[  104772ms] [ERROR] Failed to load resource: net::ERR_NAME_NOT_RESOLVED @ https://static.doubleclick.net/instream/ad_status.js:0
[  104772ms] [ERROR] Failed to load resource: net::ERR_NAME_NOT_RESOLVED @ https://googleads.g.doubleclick.net/pagead/id:0
[  110139ms] [ERROR] Failed to load resource: net::ERR_NAME_NOT_RESOLVED @ https://static.doubleclick.net/instream/ad_status.js:0
[  110139ms] [ERROR] Failed to load resource: net::ERR_NAME_NOT_RESOLVED @ https://googleads.g.doubleclick.net/pagead/id:0
[  115400ms] [WARNING] Failed to execute 'postMessage' on 'DOMWindow': The target origin provided ('https://www.youtube.com') does not match the recipient window's origin ('http://127.0.0.1:4000'). @ https://www.youtube.com/s/player/8a6e7bc4/www-widgetapi.vflset/www-widgetapi.js:209
[   28974ms] [ERROR] Failed to load resource: net::ERR_NAME_NOT_RESOLVED @ https://googleads.g.doubleclick.net/pagead/id:0
[   28974ms] [ERROR] Failed to load resource: net::ERR_NAME_NOT_RESOLVED @ https://static.doubleclick.net/instream/ad_status.js:0
[   55640ms] [ERROR] Failed to load resource: net::ERR_NAME_NOT_RESOLVED @ https://googleads.g.doubleclick.net/pagead/id:0
[   55640ms] [ERROR] Failed to load resource: net::ERR_NAME_NOT_RESOLVED @ https://static.doubleclick.net/instream/ad_status.js:0
[   55682ms] [ERROR] Failed to load resource: net::ERR_NAME_NOT_RESOLVED @ https://static.doubleclick.net/instream/ad_status.js:0
[   55683ms] [ERROR] Failed to load resource: net::ERR_NAME_NOT_RESOLVED @ https://googleads.g.doubleclick.net/pagead/id:0
[   61060ms] [ERROR] Failed to load resource: net::ERR_NAME_NOT_RESOLVED @ https://googleads.g.doubleclick.net/pagead/id:0
[   61060ms] [ERROR] Failed to load resource: net::ERR_NAME_NOT_RESOLVED @ https://static.doubleclick.net/instream/ad_status.js:0
[   66400ms] [ERROR] Failed to load resource: net::ERR_NAME_NOT_RESOLVED @ https://googleads.g.doubleclick.net/pagead/id:0
[   66400ms] [ERROR] Failed to load resource: net::ERR_NAME_NOT_RESOLVED @ https://static.doubleclick.net/instream/ad_status.js:0
[   71850ms] [ERROR] Failed to load resource: net::ERR_NAME_NOT_RESOLVED @ https://googleads.g.doubleclick.net/pagead/id:0
[   71850ms] [ERROR] Failed to load resource: net::ERR_NAME_NOT_RESOLVED @ https://static.doubleclick.net/instream/ad_status.js:0
[   77308ms] [ERROR] Failed to load resource: net::ERR_NAME_NOT_RESOLVED @ https://static.doubleclick.net/instream/ad_status.js:0
[   77309ms] [ERROR] Failed to load resource: net::ERR_NAME_NOT_RESOLVED @ https://googleads.g.doubleclick.net/pagead/id:0
[   82649ms] [ERROR] Failed to load resource: net::ERR_NAME_NOT_RESOLVED @ https://googleads.g.doubleclick.net/pagead/id:0
[   82650ms] [ERROR] Failed to load resource: net::ERR_NAME_NOT_RESOLVED @ https://static.doubleclick.net/instream/ad_status.js:0
[   88015ms] [ERROR] Failed to load resource: net::ERR_NAME_NOT_RESOLVED @ https://googleads.g.doubleclick.net/pagead/id:0
[   88015ms] [ERROR] Failed to load resource: net::ERR_NAME_NOT_RESOLVED @ https://static.doubleclick.net/instream/ad_status.js:0
[   93591ms] [ERROR] Failed to load resource: net::ERR_NAME_NOT_RESOLVED @ https://static.doubleclick.net/instream/ad_status.js:0
[   93591ms] [ERROR] Failed to load resource: net::ERR_NAME_NOT_RESOLVED @ https://googleads.g.doubleclick.net/pagead/id:0
[   98946ms] [ERROR] Failed to load resource: net::ERR_NAME_NOT_RESOLVED @ https://googleads.g.doubleclick.net/pagead/id:0
[   98946ms] [ERROR] Failed to load resource: net::ERR_NAME_NOT_RESOLVED @ https://static.doubleclick.net/instream/ad_status.js:0
[  104772ms] [ERROR] Failed to load resource: net::ERR_NAME_NOT_RESOLVED @ https://static.doubleclick.net/instream/ad_status.js:0
[  104772ms] [ERROR] Failed to load resource: net::ERR_NAME_NOT_RESOLVED @ https://googleads.g.doubleclick.net/pagead/id:0
[  110139ms] [ERROR] Failed to load resource: net::ERR_NAME_NOT_RESOLVED @ https://static.doubleclick.net/instream/ad_status.js:0
[  110139ms] [ERROR] Failed to load resource: net::ERR_NAME_NOT_RESOLVED @ https://googleads.g.doubleclick.net/pagead/id:0
[  115664ms] [ERROR] Failed to load resource: net::ERR_NAME_NOT_RESOLVED @ https://static.doubleclick.net/instream/ad_status.js:0
[  115664ms] [ERROR] Failed to load resource: net::ERR_NAME_NOT_RESOLVED @ https://googleads.g.doubleclick.net/pagead/id:0
[   28974ms] [ERROR] Failed to load resource: net::ERR_NAME_NOT_RESOLVED @ https://googleads.g.doubleclick.net/pagead/id:0
[   28974ms] [ERROR] Failed to load resource: net::ERR_NAME_NOT_RESOLVED @ https://static.doubleclick.net/instream/ad_status.js:0
[   55640ms] [ERROR] Failed to load resource: net::ERR_NAME_NOT_RESOLVED @ https://googleads.g.doubleclick.net/pagead/id:0
[   55640ms] [ERROR] Failed to load resource: net::ERR_NAME_NOT_RESOLVED @ https://static.doubleclick.net/instream/ad_status.js:0
[   55682ms] [ERROR] Failed to load resource: net::ERR_NAME_NOT_RESOLVED @ https://static.doubleclick.net/instream/ad_status.js:0
[   55683ms] [ERROR] Failed to load resource: net::ERR_NAME_NOT_RESOLVED @ https://googleads.g.doubleclick.net/pagead/id:0
[   61060ms] [ERROR] Failed to load resource: net::ERR_NAME_NOT_RESOLVED @ https://googleads.g.doubleclick.net/pagead/id:0
[   61060ms] [ERROR] Failed to load resource: net::ERR_NAME_NOT_RESOLVED @ https://static.doubleclick.net/instream/ad_status.js:0
[   66400ms] [ERROR] Failed to load resource: net::ERR_NAME_NOT_RESOLVED @ https://googleads.g.doubleclick.net/pagead/id:0
[   66400ms] [ERROR] Failed to load resource: net::ERR_NAME_NOT_RESOLVED @ https://static.doubleclick.net/instream/ad_status.js:0
[   71850ms] [ERROR] Failed to load resource: net::ERR_NAME_NOT_RESOLVED @ https://googleads.g.doubleclick.net/pagead/id:0
[   71850ms] [ERROR] Failed to load resource: net::ERR_NAME_NOT_RESOLVED @ https://static.doubleclick.net/instream/ad_status.js:0
[   77308ms] [ERROR] Failed to load resource: net::ERR_NAME_NOT_RESOLVED @ https://static.doubleclick.net/instream/ad_status.js:0
[   77309ms] [ERROR] Failed to load resource: net::ERR_NAME_NOT_RESOLVED @ https://googleads.g.doubleclick.net/pagead/id:0
[   82649ms] [ERROR] Failed to load resource: net::ERR_NAME_NOT_RESOLVED @ https://googleads.g.doubleclick.net/pagead/id:0
[   82650ms] [ERROR] Failed to load resource: net::ERR_NAME_NOT_RESOLVED @ https://static.doubleclick.net/instream/ad_status.js:0
[   88015ms] [ERROR] Failed to load resource: net::ERR_NAME_NOT_RESOLVED @ https://googleads.g.doubleclick.net/pagead/id:0
[   88015ms] [ERROR] Failed to load resource: net::ERR_NAME_NOT_RESOLVED @ https://static.doubleclick.net/instream/ad_status.js:0
[   93591ms] [ERROR] Failed to load resource: net::ERR_NAME_NOT_RESOLVED @ https://static.doubleclick.net/instream/ad_status.js:0
[   93591ms] [ERROR] Failed to load resource: net::ERR_NAME_NOT_RESOLVED @ https://googleads.g.doubleclick.net/pagead/id:0
[   98946ms] [ERROR] Failed to load resource: net::ERR_NAME_NOT_RESOLVED @ https://googleads.g.doubleclick.net/pagead/id:0
[   98946ms] [ERROR] Failed to load resource: net::ERR_NAME_NOT_RESOLVED @ https://static.doubleclick.net/instream/ad_status.js:0
[  104772ms] [ERROR] Failed to load resource: net::ERR_NAME_NOT_RESOLVED @ https://static.doubleclick.net/instream/ad_status.js:0
[  104772ms] [ERROR] Failed to load resource: net::ERR_NAME_NOT_RESOLVED @ https://googleads.g.doubleclick.net/pagead/id:0
[  110139ms] [ERROR] Failed to load resource: net::ERR_NAME_NOT_RESOLVED @ https://static.doubleclick.net/instream/ad_status.js:0
[  110139ms] [ERROR] Failed to load resource: net::ERR_NAME_NOT_RESOLVED @ https://googleads.g.doubleclick.net/pagead/id:0
[  115664ms] [ERROR] Failed to load resource: net::ERR_NAME_NOT_RESOLVED @ https://static.doubleclick.net/instream/ad_status.js:0
[  115664ms] [ERROR] Failed to load resource: net::ERR_NAME_NOT_RESOLVED @ https://googleads.g.doubleclick.net/pagead/id:0
[  120924ms] [WARNING] Failed to execute 'postMessage' on 'DOMWindow': The target origin provided ('https://www.youtube.com') does not match the recipient window's origin ('http://127.0.0.1:4000'). @ https://www.youtube.com/s/player/8a6e7bc4/www-widgetapi.vflset/www-widgetapi.js:209
[  121007ms] [ERROR] Failed to load resource: net::ERR_NAME_NOT_RESOLVED @ https://googleads.g.doubleclick.net/pagead/id:0
[  121007ms] [ERROR] Failed to load resource: net::ERR_NAME_NOT_RESOLVED @ https://static.doubleclick.net/instream/ad_status.js:0
[  126265ms] [WARNING] Failed to execute 'postMessage' on 'DOMWindow': The target origin provided ('https://www.youtube.com') does not match the recipient window's origin ('http://127.0.0.1:4000'). @ https://www.youtube.com/s/player/8a6e7bc4/www-widgetapi.vflset/www-widgetapi.js:209
[   28974ms] [ERROR] Failed to load resource: net::ERR_NAME_NOT_RESOLVED @ https://googleads.g.doubleclick.net/pagead/id:0
[   28974ms] [ERROR] Failed to load resource: net::ERR_NAME_NOT_RESOLVED @ https://static.doubleclick.net/instream/ad_status.js:0
[   55640ms] [ERROR] Failed to load resource: net::ERR_NAME_NOT_RESOLVED @ https://googleads.g.doubleclick.net/pagead/id:0
[   55640ms] [ERROR] Failed to load resource: net::ERR_NAME_NOT_RESOLVED @ https://static.doubleclick.net/instream/ad_status.js:0
[   55682ms] [ERROR] Failed to load resource: net::ERR_NAME_NOT_RESOLVED @ https://static.doubleclick.net/instream/ad_status.js:0
[   55683ms] [ERROR] Failed to load resource: net::ERR_NAME_NOT_RESOLVED @ https://googleads.g.doubleclick.net/pagead/id:0
[   61060ms] [ERROR] Failed to load resource: net::ERR_NAME_NOT_RESOLVED @ https://googleads.g.doubleclick.net/pagead/id:0
[   61060ms] [ERROR] Failed to load resource: net::ERR_NAME_NOT_RESOLVED @ https://static.doubleclick.net/instream/ad_status.js:0
[   66400ms] [ERROR] Failed to load resource: net::ERR_NAME_NOT_RESOLVED @ https://googleads.g.doubleclick.net/pagead/id:0
[   66400ms] [ERROR] Failed to load resource: net::ERR_NAME_NOT_RESOLVED @ https://static.doubleclick.net/instream/ad_status.js:0
[   71850ms] [ERROR] Failed to load resource: net::ERR_NAME_NOT_RESOLVED @ https://googleads.g.doubleclick.net/pagead/id:0
[   71850ms] [ERROR] Failed to load resource: net::ERR_NAME_NOT_RESOLVED @ https://static.doubleclick.net/instream/ad_status.js:0
[   77308ms] [ERROR] Failed to load resource: net::ERR_NAME_NOT_RESOLVED @ https://static.doubleclick.net/instream/ad_status.js:0
[   77309ms] [ERROR] Failed to load resource: net::ERR_NAME_NOT_RESOLVED @ https://googleads.g.doubleclick.net/pagead/id:0
[   82649ms] [ERROR] Failed to load resource: net::ERR_NAME_NOT_RESOLVED @ https://googleads.g.doubleclick.net/pagead/id:0
[   82650ms] [ERROR] Failed to load resource: net::ERR_NAME_NOT_RESOLVED @ https://static.doubleclick.net/instream/ad_status.js:0
[   88015ms] [ERROR] Failed to load resource: net::ERR_NAME_NOT_RESOLVED @ https://googleads.g.doubleclick.net/pagead/id:0
[   88015ms] [ERROR] Failed to load resource: net::ERR_NAME_NOT_RESOLVED @ https://static.doubleclick.net/instream/ad_status.js:0
[   93591ms] [ERROR] Failed to load resource: net::ERR_NAME_NOT_RESOLVED @ https://static.doubleclick.net/instream/ad_status.js:0
[   93591ms] [ERROR] Failed to load resource: net::ERR_NAME_NOT_RESOLVED @ https://googleads.g.doubleclick.net/pagead/id:0
[   98946ms] [ERROR] Failed to load resource: net::ERR_NAME_NOT_RESOLVED @ https://googleads.g.doubleclick.net/pagead/id:0
[   98946ms] [ERROR] Failed to load resource: net::ERR_NAME_NOT_RESOLVED @ https://static.doubleclick.net/instream/ad_status.js:0
[  104772ms] [ERROR] Failed to load resource: net::ERR_NAME_NOT_RESOLVED @ https://static.doubleclick.net/instream/ad_status.js:0
[  104772ms] [ERROR] Failed to load resource: net::ERR_NAME_NOT_RESOLVED @ https://googleads.g.doubleclick.net/pagead/id:0
[  110139ms] [ERROR] Failed to load resource: net::ERR_NAME_NOT_RESOLVED @ https://static.doubleclick.net/instream/ad_status.js:0
[  110139ms] [ERROR] Failed to load resource: net::ERR_NAME_NOT_RESOLVED @ https://googleads.g.doubleclick.net/pagead/id:0
[  115664ms] [ERROR] Failed to load resource: net::ERR_NAME_NOT_RESOLVED @ https://static.doubleclick.net/instream/ad_status.js:0
[  115664ms] [ERROR] Failed to load resource: net::ERR_NAME_NOT_RESOLVED @ https://googleads.g.doubleclick.net/pagead/id:0
[  121007ms] [ERROR] Failed to load resource: net::ERR_NAME_NOT_RESOLVED @ https://googleads.g.doubleclick.net/pagead/id:0
[  121007ms] [ERROR] Failed to load resource: net::ERR_NAME_NOT_RESOLVED @ https://static.doubleclick.net/instream/ad_status.js:0
[  126370ms] [ERROR] Failed to load resource: net::ERR_NAME_NOT_RESOLVED @ https://googleads.g.doubleclick.net/pagead/id:0
[  126370ms] [ERROR] Failed to load resource: net::ERR_NAME_NOT_RESOLVED @ https://static.doubleclick.net/instream/ad_status.js:0
[   28974ms] [ERROR] Failed to load resource: net::ERR_NAME_NOT_RESOLVED @ https://googleads.g.doubleclick.net/pagead/id:0
[  131631ms] [WARNING] Failed to execute 'postMessage' on 'DOMWindow': The target origin provided ('https://www.youtube.com') does not match the recipient window's origin ('http://127.0.0.1:4000'). @ https://www.youtube.com/s/player/8a6e7bc4/www-widgetapi.vflset/www-widgetapi.js:209
[   28974ms] [ERROR] Failed to load resource: net::ERR_NAME_NOT_RESOLVED @ https://static.doubleclick.net/instream/ad_status.js:0
[   55640ms] [ERROR] Failed to load resource: net::ERR_NAME_NOT_RESOLVED @ https://googleads.g.doubleclick.net/pagead/id:0
[   55640ms] [ERROR] Failed to load resource: net::ERR_NAME_NOT_RESOLVED @ https://static.doubleclick.net/instream/ad_status.js:0
[   55682ms] [ERROR] Failed to load resource: net::ERR_NAME_NOT_RESOLVED @ https://static.doubleclick.net/instream/ad_status.js:0
[   55683ms] [ERROR] Failed to load resource: net::ERR_NAME_NOT_RESOLVED @ https://googleads.g.doubleclick.net/pagead/id:0
[   61060ms] [ERROR] Failed to load resource: net::ERR_NAME_NOT_RESOLVED @ https://googleads.g.doubleclick.net/pagead/id:0
[   61060ms] [ERROR] Failed to load resource: net::ERR_NAME_NOT_RESOLVED @ https://static.doubleclick.net/instream/ad_status.js:0
[   66400ms] [ERROR] Failed to load resource: net::ERR_NAME_NOT_RESOLVED @ https://googleads.g.doubleclick.net/pagead/id:0
[   66400ms] [ERROR] Failed to load resource: net::ERR_NAME_NOT_RESOLVED @ https://static.doubleclick.net/instream/ad_status.js:0
[   71850ms] [ERROR] Failed to load resource: net::ERR_NAME_NOT_RESOLVED @ https://googleads.g.doubleclick.net/pagead/id:0
[   71850ms] [ERROR] Failed to load resource: net::ERR_NAME_NOT_RESOLVED @ https://static.doubleclick.net/instream/ad_status.js:0
[   77308ms] [ERROR] Failed to load resource: net::ERR_NAME_NOT_RESOLVED @ https://static.doubleclick.net/instream/ad_status.js:0
[   77309ms] [ERROR] Failed to load resource: net::ERR_NAME_NOT_RESOLVED @ https://googleads.g.doubleclick.net/pagead/id:0
[   82649ms] [ERROR] Failed to load resource: net::ERR_NAME_NOT_RESOLVED @ https://googleads.g.doubleclick.net/pagead/id:0
[   82650ms] [ERROR] Failed to load resource: net::ERR_NAME_NOT_RESOLVED @ https://static.doubleclick.net/instream/ad_status.js:0
[   88015ms] [ERROR] Failed to load resource: net::ERR_NAME_NOT_RESOLVED @ https://googleads.g.doubleclick.net/pagead/id:0
[   88015ms] [ERROR] Failed to load resource: net::ERR_NAME_NOT_RESOLVED @ https://static.doubleclick.net/instream/ad_status.js:0
[   93591ms] [ERROR] Failed to load resource: net::ERR_NAME_NOT_RESOLVED @ https://static.doubleclick.net/instream/ad_status.js:0
[   93591ms] [ERROR] Failed to load resource: net::ERR_NAME_NOT_RESOLVED @ https://googleads.g.doubleclick.net/pagead/id:0
[   98946ms] [ERROR] Failed to load resource: net::ERR_NAME_NOT_RESOLVED @ https://googleads.g.doubleclick.net/pagead/id:0
[   98946ms] [ERROR] Failed to load resource: net::ERR_NAME_NOT_RESOLVED @ https://static.doubleclick.net/instream/ad_status.js:0
[  104772ms] [ERROR] Failed to load resource: net::ERR_NAME_NOT_RESOLVED @ https://static.doubleclick.net/instream/ad_status.js:0
[  104772ms] [ERROR] Failed to load resource: net::ERR_NAME_NOT_RESOLVED @ https://googleads.g.doubleclick.net/pagead/id:0
[  110139ms] [ERROR] Failed to load resource: net::ERR_NAME_NOT_RESOLVED @ https://static.doubleclick.net/instream/ad_status.js:0
[  110139ms] [ERROR] Failed to load resource: net::ERR_NAME_NOT_RESOLVED @ https://googleads.g.doubleclick.net/pagead/id:0
[  115664ms] [ERROR] Failed to load resource: net::ERR_NAME_NOT_RESOLVED @ https://static.doubleclick.net/instream/ad_status.js:0
[  115664ms] [ERROR] Failed to load resource: net::ERR_NAME_NOT_RESOLVED @ https://googleads.g.doubleclick.net/pagead/id:0
[  121007ms] [ERROR] Failed to load resource: net::ERR_NAME_NOT_RESOLVED @ https://googleads.g.doubleclick.net/pagead/id:0
[  121007ms] [ERROR] Failed to load resource: net::ERR_NAME_NOT_RESOLVED @ https://static.doubleclick.net/instream/ad_status.js:0
[  126370ms] [ERROR] Failed to load resource: net::ERR_NAME_NOT_RESOLVED @ https://googleads.g.doubleclick.net/pagead/id:0
[  126370ms] [ERROR] Failed to load resource: net::ERR_NAME_NOT_RESOLVED @ https://static.doubleclick.net/instream/ad_status.js:0
[  131713ms] [ERROR] Failed to load resource: net::ERR_NAME_NOT_RESOLVED @ https://static.doubleclick.net/instream/ad_status.js:0
[  131714ms] [ERROR] Failed to load resource: net::ERR_NAME_NOT_RESOLVED @ https://googleads.g.doubleclick.net/pagead/id:0
[  136974ms] [WARNING] Failed to execute 'postMessage' on 'DOMWindow': The target origin provided ('https://www.youtube.com') does not match the recipient window's origin ('http://127.0.0.1:4000'). @ https://www.youtube.com/s/player/8a6e7bc4/www-widgetapi.vflset/www-widgetapi.js:209
[   28974ms] [ERROR] Failed to load resource: net::ERR_NAME_NOT_RESOLVED @ https://googleads.g.doubleclick.net/pagead/id:0
[   28974ms] [ERROR] Failed to load resource: net::ERR_NAME_NOT_RESOLVED @ https://static.doubleclick.net/instream/ad_status.js:0
[   55640ms] [ERROR] Failed to load resource: net::ERR_NAME_NOT_RESOLVED @ https://googleads.g.doubleclick.net/pagead/id:0
[   55640ms] [ERROR] Failed to load resource: net::ERR_NAME_NOT_RESOLVED @ https://static.doubleclick.net/instream/ad_status.js:0
[   55682ms] [ERROR] Failed to load resource: net::ERR_NAME_NOT_RESOLVED @ https://static.doubleclick.net/instream/ad_status.js:0
[   55683ms] [ERROR] Failed to load resource: net::ERR_NAME_NOT_RESOLVED @ https://googleads.g.doubleclick.net/pagead/id:0
[   61060ms] [ERROR] Failed to load resource: net::ERR_NAME_NOT_RESOLVED @ https://googleads.g.doubleclick.net/pagead/id:0
[   61060ms] [ERROR] Failed to load resource: net::ERR_NAME_NOT_RESOLVED @ https://static.doubleclick.net/instream/ad_status.js:0
[   66400ms] [ERROR] Failed to load resource: net::ERR_NAME_NOT_RESOLVED @ https://googleads.g.doubleclick.net/pagead/id:0
[   66400ms] [ERROR] Failed to load resource: net::ERR_NAME_NOT_RESOLVED @ https://static.doubleclick.net/instream/ad_status.js:0
[   71850ms] [ERROR] Failed to load resource: net::ERR_NAME_NOT_RESOLVED @ https://googleads.g.doubleclick.net/pagead/id:0
[   71850ms] [ERROR] Failed to load resource: net::ERR_NAME_NOT_RESOLVED @ https://static.doubleclick.net/instream/ad_status.js:0
[   77308ms] [ERROR] Failed to load resource: net::ERR_NAME_NOT_RESOLVED @ https://static.doubleclick.net/instream/ad_status.js:0
[   77309ms] [ERROR] Failed to load resource: net::ERR_NAME_NOT_RESOLVED @ https://googleads.g.doubleclick.net/pagead/id:0
[   82649ms] [ERROR] Failed to load resource: net::ERR_NAME_NOT_RESOLVED @ https://googleads.g.doubleclick.net/pagead/id:0
[   82650ms] [ERROR] Failed to load resource: net::ERR_NAME_NOT_RESOLVED @ https://static.doubleclick.net/instream/ad_status.js:0
[   88015ms] [ERROR] Failed to load resource: net::ERR_NAME_NOT_RESOLVED @ https://googleads.g.doubleclick.net/pagead/id:0
[   88015ms] [ERROR] Failed to load resource: net::ERR_NAME_NOT_RESOLVED @ https://static.doubleclick.net/instream/ad_status.js:0
[   93591ms] [ERROR] Failed to load resource: net::ERR_NAME_NOT_RESOLVED @ https://static.doubleclick.net/instream/ad_status.js:0
[   93591ms] [ERROR] Failed to load resource: net::ERR_NAME_NOT_RESOLVED @ https://googleads.g.doubleclick.net/pagead/id:0
[   98946ms] [ERROR] Failed to load resource: net::ERR_NAME_NOT_RESOLVED @ https://googleads.g.doubleclick.net/pagead/id:0
[   98946ms] [ERROR] Failed to load resource: net::ERR_NAME_NOT_RESOLVED @ https://static.doubleclick.net/instream/ad_status.js:0
[  104772ms] [ERROR] Failed to load resource: net::ERR_NAME_NOT_RESOLVED @ https://static.doubleclick.net/instream/ad_status.js:0
[  104772ms] [ERROR] Failed to load resource: net::ERR_NAME_NOT_RESOLVED @ https://googleads.g.doubleclick.net/pagead/id:0
[  110139ms] [ERROR] Failed to load resource: net::ERR_NAME_NOT_RESOLVED @ https://static.doubleclick.net/instream/ad_status.js:0
[  110139ms] [ERROR] Failed to load resource: net::ERR_NAME_NOT_RESOLVED @ https://googleads.g.doubleclick.net/pagead/id:0
[  115664ms] [ERROR] Failed to load resource: net::ERR_NAME_NOT_RESOLVED @ https://static.doubleclick.net/instream/ad_status.js:0
[  115664ms] [ERROR] Failed to load resource: net::ERR_NAME_NOT_RESOLVED @ https://googleads.g.doubleclick.net/pagead/id:0
[  121007ms] [ERROR] Failed to load resource: net::ERR_NAME_NOT_RESOLVED @ https://googleads.g.doubleclick.net/pagead/id:0
[  121007ms] [ERROR] Failed to load resource: net::ERR_NAME_NOT_RESOLVED @ https://static.doubleclick.net/instream/ad_status.js:0
[  126370ms] [ERROR] Failed to load resource: net::ERR_NAME_NOT_RESOLVED @ https://googleads.g.doubleclick.net/pagead/id:0
[  126370ms] [ERROR] Failed to load resource: net::ERR_NAME_NOT_RESOLVED @ https://static.doubleclick.net/instream/ad_status.js:0
[  131713ms] [ERROR] Failed to load resource: net::ERR_NAME_NOT_RESOLVED @ https://static.doubleclick.net/instream/ad_status.js:0
[  131714ms] [ERROR] Failed to load resource: net::ERR_NAME_NOT_RESOLVED @ https://googleads.g.doubleclick.net/pagead/id:0
[  137082ms] [ERROR] Failed to load resource: net::ERR_NAME_NOT_RESOLVED @ https://googleads.g.doubleclick.net/pagead/id:0
[  137082ms] [ERROR] Failed to load resource: net::ERR_NAME_NOT_RESOLVED @ https://static.doubleclick.net/instream/ad_status.js:0
[  138934ms] [WARNING] Failed to execute 'postMessage' on 'DOMWindow': The target origin provided ('https://www.youtube.com') does not match the recipient window's origin ('http://127.0.0.1:4000'). @ https://www.youtube.com/s/player/8a6e7bc4/www-widgetapi.vflset/www-widgetapi.js:209
[  138935ms] [WARNING] Failed to execute 'postMessage' on 'DOMWindow': The target origin provided ('https://www.youtube.com') does not match the recipient window's origin ('http://127.0.0.1:4000'). @ https://www.youtube.com/s/player/8a6e7bc4/www-widgetapi.vflset/www-widgetapi.js:209
[  138937ms] [WARNING] Failed to execute 'postMessage' on 'DOMWindow': The target origin provided ('https://www.youtube.com') does not match the recipient window's origin ('http://127.0.0.1:4000'). @ https://www.youtube.com/s/player/8a6e7bc4/www-widgetapi.vflset/www-widgetapi.js:209
[   28974ms] [ERROR] Failed to load resource: net::ERR_NAME_NOT_RESOLVED @ https://googleads.g.doubleclick.net/pagead/id:0
[   28974ms] [ERROR] Failed to load resource: net::ERR_NAME_NOT_RESOLVED @ https://static.doubleclick.net/instream/ad_status.js:0
[   55640ms] [ERROR] Failed to load resource: net::ERR_NAME_NOT_RESOLVED @ https://googleads.g.doubleclick.net/pagead/id:0
[   55640ms] [ERROR] Failed to load resource: net::ERR_NAME_NOT_RESOLVED @ https://static.doubleclick.net/instream/ad_status.js:0
[   55682ms] [ERROR] Failed to load resource: net::ERR_NAME_NOT_RESOLVED @ https://static.doubleclick.net/instream/ad_status.js:0
[   55683ms] [ERROR] Failed to load resource: net::ERR_NAME_NOT_RESOLVED @ https://googleads.g.doubleclick.net/pagead/id:0
[   61060ms] [ERROR] Failed to load resource: net::ERR_NAME_NOT_RESOLVED @ https://googleads.g.doubleclick.net/pagead/id:0
[   61060ms] [ERROR] Failed to load resource: net::ERR_NAME_NOT_RESOLVED @ https://static.doubleclick.net/instream/ad_status.js:0
[   66400ms] [ERROR] Failed to load resource: net::ERR_NAME_NOT_RESOLVED @ https://googleads.g.doubleclick.net/pagead/id:0
[   66400ms] [ERROR] Failed to load resource: net::ERR_NAME_NOT_RESOLVED @ https://static.doubleclick.net/instream/ad_status.js:0
[   71850ms] [ERROR] Failed to load resource: net::ERR_NAME_NOT_RESOLVED @ https://googleads.g.doubleclick.net/pagead/id:0
[   71850ms] [ERROR] Failed to load resource: net::ERR_NAME_NOT_RESOLVED @ https://static.doubleclick.net/instream/ad_status.js:0
[   77308ms] [ERROR] Failed to load resource: net::ERR_NAME_NOT_RESOLVED @ https://static.doubleclick.net/instream/ad_status.js:0
[   77309ms] [ERROR] Failed to load resource: net::ERR_NAME_NOT_RESOLVED @ https://googleads.g.doubleclick.net/pagead/id:0
[   82649ms] [ERROR] Failed to load resource: net::ERR_NAME_NOT_RESOLVED @ https://googleads.g.doubleclick.net/pagead/id:0
[   82650ms] [ERROR] Failed to load resource: net::ERR_NAME_NOT_RESOLVED @ https://static.doubleclick.net/instream/ad_status.js:0
[   88015ms] [ERROR] Failed to load resource: net::ERR_NAME_NOT_RESOLVED @ https://googleads.g.doubleclick.net/pagead/id:0
[   88015ms] [ERROR] Failed to load resource: net::ERR_NAME_NOT_RESOLVED @ https://static.doubleclick.net/instream/ad_status.js:0
[   93591ms] [ERROR] Failed to load resource: net::ERR_NAME_NOT_RESOLVED @ https://static.doubleclick.net/instream/ad_status.js:0
[   93591ms] [ERROR] Failed to load resource: net::ERR_NAME_NOT_RESOLVED @ https://googleads.g.doubleclick.net/pagead/id:0
[   98946ms] [ERROR] Failed to load resource: net::ERR_NAME_NOT_RESOLVED @ https://googleads.g.doubleclick.net/pagead/id:0
[   98946ms] [ERROR] Failed to load resource: net::ERR_NAME_NOT_RESOLVED @ https://static.doubleclick.net/instream/ad_status.js:0
[  104772ms] [ERROR] Failed to load resource: net::ERR_NAME_NOT_RESOLVED @ https://static.doubleclick.net/instream/ad_status.js:0
[  104772ms] [ERROR] Failed to load resource: net::ERR_NAME_NOT_RESOLVED @ https://googleads.g.doubleclick.net/pagead/id:0
[  110139ms] [ERROR] Failed to load resource: net::ERR_NAME_NOT_RESOLVED @ https://static.doubleclick.net/instream/ad_status.js:0
[  110139ms] [ERROR] Failed to load resource: net::ERR_NAME_NOT_RESOLVED @ https://googleads.g.doubleclick.net/pagead/id:0
[  115664ms] [ERROR] Failed to load resource: net::ERR_NAME_NOT_RESOLVED @ https://static.doubleclick.net/instream/ad_status.js:0
[  115664ms] [ERROR] Failed to load resource: net::ERR_NAME_NOT_RESOLVED @ https://googleads.g.doubleclick.net/pagead/id:0
[  121007ms] [ERROR] Failed to load resource: net::ERR_NAME_NOT_RESOLVED @ https://googleads.g.doubleclick.net/pagead/id:0
[  121007ms] [ERROR] Failed to load resource: net::ERR_NAME_NOT_RESOLVED @ https://static.doubleclick.net/instream/ad_status.js:0
[  126370ms] [ERROR] Failed to load resource: net::ERR_NAME_NOT_RESOLVED @ https://googleads.g.doubleclick.net/pagead/id:0
[  126370ms] [ERROR] Failed to load resource: net::ERR_NAME_NOT_RESOLVED @ https://static.doubleclick.net/instream/ad_status.js:0
[  131713ms] [ERROR] Failed to load resource: net::ERR_NAME_NOT_RESOLVED @ https://static.doubleclick.net/instream/ad_status.js:0
[  131714ms] [ERROR] Failed to load resource: net::ERR_NAME_NOT_RESOLVED @ https://googleads.g.doubleclick.net/pagead/id:0
[  137082ms] [ERROR] Failed to load resource: net::ERR_NAME_NOT_RESOLVED @ https://googleads.g.doubleclick.net/pagead/id:0
[  137082ms] [ERROR] Failed to load resource: net::ERR_NAME_NOT_RESOLVED @ https://static.doubleclick.net/instream/ad_status.js:0
[  139042ms] [ERROR] Failed to load resource: net::ERR_NAME_NOT_RESOLVED @ https://googleads.g.doubleclick.net/pagead/id:0
[  139042ms] [ERROR] Failed to load resource: net::ERR_NAME_NOT_RESOLVED @ https://static.doubleclick.net/instream/ad_status.js:0
[   28974ms] [ERROR] Failed to load resource: net::ERR_NAME_NOT_RESOLVED @ https://googleads.g.doubleclick.net/pagead/id:0
[   28974ms] [ERROR] Failed to load resource: net::ERR_NAME_NOT_RESOLVED @ https://static.doubleclick.net/instream/ad_status.js:0
[   55640ms] [ERROR] Failed to load resource: net::ERR_NAME_NOT_RESOLVED @ https://googleads.g.doubleclick.net/pagead/id:0
[   55640ms] [ERROR] Failed to load resource: net::ERR_NAME_NOT_RESOLVED @ https://static.doubleclick.net/instream/ad_status.js:0
[   55682ms] [ERROR] Failed to load resource: net::ERR_NAME_NOT_RESOLVED @ https://static.doubleclick.net/instream/ad_status.js:0
[   55683ms] [ERROR] Failed to load resource: net::ERR_NAME_NOT_RESOLVED @ https://googleads.g.doubleclick.net/pagead/id:0
[   61060ms] [ERROR] Failed to load resource: net::ERR_NAME_NOT_RESOLVED @ https://googleads.g.doubleclick.net/pagead/id:0
[   61060ms] [ERROR] Failed to load resource: net::ERR_NAME_NOT_RESOLVED @ https://static.doubleclick.net/instream/ad_status.js:0
[   66400ms] [ERROR] Failed to load resource: net::ERR_NAME_NOT_RESOLVED @ https://googleads.g.doubleclick.net/pagead/id:0
[   66400ms] [ERROR] Failed to load resource: net::ERR_NAME_NOT_RESOLVED @ https://static.doubleclick.net/instream/ad_status.js:0
[   71850ms] [ERROR] Failed to load resource: net::ERR_NAME_NOT_RESOLVED @ https://googleads.g.doubleclick.net/pagead/id:0
[   71850ms] [ERROR] Failed to load resource: net::ERR_NAME_NOT_RESOLVED @ https://static.doubleclick.net/instream/ad_status.js:0
[   77308ms] [ERROR] Failed to load resource: net::ERR_NAME_NOT_RESOLVED @ https://static.doubleclick.net/instream/ad_status.js:0
[   77309ms] [ERROR] Failed to load resource: net::ERR_NAME_NOT_RESOLVED @ https://googleads.g.doubleclick.net/pagead/id:0
[   82649ms] [ERROR] Failed to load resource: net::ERR_NAME_NOT_RESOLVED @ https://googleads.g.doubleclick.net/pagead/id:0
[   82650ms] [ERROR] Failed to load resource: net::ERR_NAME_NOT_RESOLVED @ https://static.doubleclick.net/instream/ad_status.js:0
[   88015ms] [ERROR] Failed to load resource: net::ERR_NAME_NOT_RESOLVED @ https://googleads.g.doubleclick.net/pagead/id:0
[   88015ms] [ERROR] Failed to load resource: net::ERR_NAME_NOT_RESOLVED @ https://static.doubleclick.net/instream/ad_status.js:0
[   93591ms] [ERROR] Failed to load resource: net::ERR_NAME_NOT_RESOLVED @ https://static.doubleclick.net/instream/ad_status.js:0
[   93591ms] [ERROR] Failed to load resource: net::ERR_NAME_NOT_RESOLVED @ https://googleads.g.doubleclick.net/pagead/id:0
[   98946ms] [ERROR] Failed to load resource: net::ERR_NAME_NOT_RESOLVED @ https://googleads.g.doubleclick.net/pagead/id:0
[   98946ms] [ERROR] Failed to load resource: net::ERR_NAME_NOT_RESOLVED @ https://static.doubleclick.net/instream/ad_status.js:0
[  104772ms] [ERROR] Failed to load resource: net::ERR_NAME_NOT_RESOLVED @ https://static.doubleclick.net/instream/ad_status.js:0
[  104772ms] [ERROR] Failed to load resource: net::ERR_NAME_NOT_RESOLVED @ https://googleads.g.doubleclick.net/pagead/id:0
[  110139ms] [ERROR] Failed to load resource: net::ERR_NAME_NOT_RESOLVED @ https://static.doubleclick.net/instream/ad_status.js:0
[  110139ms] [ERROR] Failed to load resource: net::ERR_NAME_NOT_RESOLVED @ https://googleads.g.doubleclick.net/pagead/id:0
[  115664ms] [ERROR] Failed to load resource: net::ERR_NAME_NOT_RESOLVED @ https://static.doubleclick.net/instream/ad_status.js:0
[  115664ms] [ERROR] Failed to load resource: net::ERR_NAME_NOT_RESOLVED @ https://googleads.g.doubleclick.net/pagead/id:0
[  121007ms] [ERROR] Failed to load resource: net::ERR_NAME_NOT_RESOLVED @ https://googleads.g.doubleclick.net/pagead/id:0
[  121007ms] [ERROR] Failed to load resource: net::ERR_NAME_NOT_RESOLVED @ https://static.doubleclick.net/instream/ad_status.js:0
[  126370ms] [ERROR] Failed to load resource: net::ERR_NAME_NOT_RESOLVED @ https://googleads.g.doubleclick.net/pagead/id:0
[  126370ms] [ERROR] Failed to load resource: net::ERR_NAME_NOT_RESOLVED @ https://static.doubleclick.net/instream/ad_status.js:0
[  131713ms] [ERROR] Failed to load resource: net::ERR_NAME_NOT_RESOLVED @ https://static.doubleclick.net/instream/ad_status.js:0
[  131714ms] [ERROR] Failed to load resource: net::ERR_NAME_NOT_RESOLVED @ https://googleads.g.doubleclick.net/pagead/id:0
[  137082ms] [ERROR] Failed to load resource: net::ERR_NAME_NOT_RESOLVED @ https://googleads.g.doubleclick.net/pagead/id:0
[  137082ms] [ERROR] Failed to load resource: net::ERR_NAME_NOT_RESOLVED @ https://static.doubleclick.net/instream/ad_status.js:0
[  139042ms] [ERROR] Failed to load resource: net::ERR_NAME_NOT_RESOLVED @ https://googleads.g.doubleclick.net/pagead/id:0
[  139042ms] [ERROR] Failed to load resource: net::ERR_NAME_NOT_RESOLVED @ https://static.doubleclick.net/instream/ad_status.js:0
[  139119ms] [ERROR] Failed to load resource: net::ERR_NAME_NOT_RESOLVED @ https://googleads.g.doubleclick.net/pagead/id:0
[  139119ms] [ERROR] Failed to load resource: net::ERR_NAME_NOT_RESOLVED @ https://static.doubleclick.net/instream/ad_status.js:0
[   28974ms] [ERROR] Failed to load resource: net::ERR_NAME_NOT_RESOLVED @ https://googleads.g.doubleclick.net/pagead/id:0
[   28974ms] [ERROR] Failed to load resource: net::ERR_NAME_NOT_RESOLVED @ https://static.doubleclick.net/instream/ad_status.js:0
[   55640ms] [ERROR] Failed to load resource: net::ERR_NAME_NOT_RESOLVED @ https://googleads.g.doubleclick.net/pagead/id:0
[   55640ms] [ERROR] Failed to load resource: net::ERR_NAME_NOT_RESOLVED @ https://static.doubleclick.net/instream/ad_status.js:0
[   55682ms] [ERROR] Failed to load resource: net::ERR_NAME_NOT_RESOLVED @ https://static.doubleclick.net/instream/ad_status.js:0
[   55683ms] [ERROR] Failed to load resource: net::ERR_NAME_NOT_RESOLVED @ https://googleads.g.doubleclick.net/pagead/id:0
[   61060ms] [ERROR] Failed to load resource: net::ERR_NAME_NOT_RESOLVED @ https://googleads.g.doubleclick.net/pagead/id:0
[   61060ms] [ERROR] Failed to load resource: net::ERR_NAME_NOT_RESOLVED @ https://static.doubleclick.net/instream/ad_status.js:0
[   66400ms] [ERROR] Failed to load resource: net::ERR_NAME_NOT_RESOLVED @ https://googleads.g.doubleclick.net/pagead/id:0
[   66400ms] [ERROR] Failed to load resource: net::ERR_NAME_NOT_RESOLVED @ https://static.doubleclick.net/instream/ad_status.js:0
[   71850ms] [ERROR] Failed to load resource: net::ERR_NAME_NOT_RESOLVED @ https://googleads.g.doubleclick.net/pagead/id:0
[   71850ms] [ERROR] Failed to load resource: net::ERR_NAME_NOT_RESOLVED @ https://static.doubleclick.net/instream/ad_status.js:0
[   77308ms] [ERROR] Failed to load resource: net::ERR_NAME_NOT_RESOLVED @ https://static.doubleclick.net/instream/ad_status.js:0
[   77309ms] [ERROR] Failed to load resource: net::ERR_NAME_NOT_RESOLVED @ https://googleads.g.doubleclick.net/pagead/id:0
[   82649ms] [ERROR] Failed to load resource: net::ERR_NAME_NOT_RESOLVED @ https://googleads.g.doubleclick.net/pagead/id:0
[   82650ms] [ERROR] Failed to load resource: net::ERR_NAME_NOT_RESOLVED @ https://static.doubleclick.net/instream/ad_status.js:0
[   88015ms] [ERROR] Failed to load resource: net::ERR_NAME_NOT_RESOLVED @ https://googleads.g.doubleclick.net/pagead/id:0
[   88015ms] [ERROR] Failed to load resource: net::ERR_NAME_NOT_RESOLVED @ https://static.doubleclick.net/instream/ad_status.js:0
[   93591ms] [ERROR] Failed to load resource: net::ERR_NAME_NOT_RESOLVED @ https://static.doubleclick.net/instream/ad_status.js:0
[   93591ms] [ERROR] Failed to load resource: net::ERR_NAME_NOT_RESOLVED @ https://googleads.g.doubleclick.net/pagead/id:0
[   98946ms] [ERROR] Failed to load resource: net::ERR_NAME_NOT_RESOLVED @ https://googleads.g.doubleclick.net/pagead/id:0
[   98946ms] [ERROR] Failed to load resource: net::ERR_NAME_NOT_RESOLVED @ https://static.doubleclick.net/instream/ad_status.js:0
[  104772ms] [ERROR] Failed to load resource: net::ERR_NAME_NOT_RESOLVED @ https://static.doubleclick.net/instream/ad_status.js:0
[  104772ms] [ERROR] Failed to load resource: net::ERR_NAME_NOT_RESOLVED @ https://googleads.g.doubleclick.net/pagead/id:0
[  110139ms] [ERROR] Failed to load resource: net::ERR_NAME_NOT_RESOLVED @ https://static.doubleclick.net/instream/ad_status.js:0
[  110139ms] [ERROR] Failed to load resource: net::ERR_NAME_NOT_RESOLVED @ https://googleads.g.doubleclick.net/pagead/id:0
[  115664ms] [ERROR] Failed to load resource: net::ERR_NAME_NOT_RESOLVED @ https://static.doubleclick.net/instream/ad_status.js:0
[  115664ms] [ERROR] Failed to load resource: net::ERR_NAME_NOT_RESOLVED @ https://googleads.g.doubleclick.net/pagead/id:0
[  121007ms] [ERROR] Failed to load resource: net::ERR_NAME_NOT_RESOLVED @ https://googleads.g.doubleclick.net/pagead/id:0
[  121007ms] [ERROR] Failed to load resource: net::ERR_NAME_NOT_RESOLVED @ https://static.doubleclick.net/instream/ad_status.js:0
[  126370ms] [ERROR] Failed to load resource: net::ERR_NAME_NOT_RESOLVED @ https://googleads.g.doubleclick.net/pagead/id:0
[  126370ms] [ERROR] Failed to load resource: net::ERR_NAME_NOT_RESOLVED @ https://static.doubleclick.net/instream/ad_status.js:0
[  131713ms] [ERROR] Failed to load resource: net::ERR_NAME_NOT_RESOLVED @ https://static.doubleclick.net/instream/ad_status.js:0
[  131714ms] [ERROR] Failed to load resource: net::ERR_NAME_NOT_RESOLVED @ https://googleads.g.doubleclick.net/pagead/id:0
[  137082ms] [ERROR] Failed to load resource: net::ERR_NAME_NOT_RESOLVED @ https://googleads.g.doubleclick.net/pagead/id:0
[  137082ms] [ERROR] Failed to load resource: net::ERR_NAME_NOT_RESOLVED @ https://static.doubleclick.net/instream/ad_status.js:0
[  139042ms] [ERROR] Failed to load resource: net::ERR_NAME_NOT_RESOLVED @ https://googleads.g.doubleclick.net/pagead/id:0
[  139042ms] [ERROR] Failed to load resource: net::ERR_NAME_NOT_RESOLVED @ https://static.doubleclick.net/instream/ad_status.js:0
[  139119ms] [ERROR] Failed to load resource: net::ERR_NAME_NOT_RESOLVED @ https://googleads.g.doubleclick.net/pagead/id:0
[  139119ms] [ERROR] Failed to load resource: net::ERR_NAME_NOT_RESOLVED @ https://static.doubleclick.net/instream/ad_status.js:0
[  139192ms] [ERROR] Failed to load resource: net::ERR_NAME_NOT_RESOLVED @ https://static.doubleclick.net/instream/ad_status.js:0
[  139193ms] [ERROR] Failed to load resource: net::ERR_NAME_NOT_RESOLVED @ https://googleads.g.doubleclick.net/pagead/id:0
[  144376ms] [WARNING] Failed to execute 'postMessage' on 'DOMWindow': The target origin provided ('https://www.youtube.com') does not match the recipient window's origin ('http://127.0.0.1:4000'). @ https://www.youtube.com/s/player/8a6e7bc4/www-widgetapi.vflset/www-widgetapi.js:209
[   28974ms] [ERROR] Failed to load resource: net::ERR_NAME_NOT_RESOLVED @ https://googleads.g.doubleclick.net/pagead/id:0
[   28974ms] [ERROR] Failed to load resource: net::ERR_NAME_NOT_RESOLVED @ https://static.doubleclick.net/instream/ad_status.js:0
[   55640ms] [ERROR] Failed to load resource: net::ERR_NAME_NOT_RESOLVED @ https://googleads.g.doubleclick.net/pagead/id:0
[   55640ms] [ERROR] Failed to load resource: net::ERR_NAME_NOT_RESOLVED @ https://static.doubleclick.net/instream/ad_status.js:0
[   55682ms] [ERROR] Failed to load resource: net::ERR_NAME_NOT_RESOLVED @ https://static.doubleclick.net/instream/ad_status.js:0
[   55683ms] [ERROR] Failed to load resource: net::ERR_NAME_NOT_RESOLVED @ https://googleads.g.doubleclick.net/pagead/id:0
[   61060ms] [ERROR] Failed to load resource: net::ERR_NAME_NOT_RESOLVED @ https://googleads.g.doubleclick.net/pagead/id:0
[   61060ms] [ERROR] Failed to load resource: net::ERR_NAME_NOT_RESOLVED @ https://static.doubleclick.net/instream/ad_status.js:0
[   66400ms] [ERROR] Failed to load resource: net::ERR_NAME_NOT_RESOLVED @ https://googleads.g.doubleclick.net/pagead/id:0
[   66400ms] [ERROR] Failed to load resource: net::ERR_NAME_NOT_RESOLVED @ https://static.doubleclick.net/instream/ad_status.js:0
[   71850ms] [ERROR] Failed to load resource: net::ERR_NAME_NOT_RESOLVED @ https://googleads.g.doubleclick.net/pagead/id:0
[   71850ms] [ERROR] Failed to load resource: net::ERR_NAME_NOT_RESOLVED @ https://static.doubleclick.net/instream/ad_status.js:0
[   77308ms] [ERROR] Failed to load resource: net::ERR_NAME_NOT_RESOLVED @ https://static.doubleclick.net/instream/ad_status.js:0
[   77309ms] [ERROR] Failed to load resource: net::ERR_NAME_NOT_RESOLVED @ https://googleads.g.doubleclick.net/pagead/id:0
[   82649ms] [ERROR] Failed to load resource: net::ERR_NAME_NOT_RESOLVED @ https://googleads.g.doubleclick.net/pagead/id:0
[   82650ms] [ERROR] Failed to load resource: net::ERR_NAME_NOT_RESOLVED @ https://static.doubleclick.net/instream/ad_status.js:0
[   88015ms] [ERROR] Failed to load resource: net::ERR_NAME_NOT_RESOLVED @ https://googleads.g.doubleclick.net/pagead/id:0
[   88015ms] [ERROR] Failed to load resource: net::ERR_NAME_NOT_RESOLVED @ https://static.doubleclick.net/instream/ad_status.js:0
[   93591ms] [ERROR] Failed to load resource: net::ERR_NAME_NOT_RESOLVED @ https://static.doubleclick.net/instream/ad_status.js:0
[   93591ms] [ERROR] Failed to load resource: net::ERR_NAME_NOT_RESOLVED @ https://googleads.g.doubleclick.net/pagead/id:0
[   98946ms] [ERROR] Failed to load resource: net::ERR_NAME_NOT_RESOLVED @ https://googleads.g.doubleclick.net/pagead/id:0
[   98946ms] [ERROR] Failed to load resource: net::ERR_NAME_NOT_RESOLVED @ https://static.doubleclick.net/instream/ad_status.js:0
[  104772ms] [ERROR] Failed to load resource: net::ERR_NAME_NOT_RESOLVED @ https://static.doubleclick.net/instream/ad_status.js:0
[  104772ms] [ERROR] Failed to load resource: net::ERR_NAME_NOT_RESOLVED @ https://googleads.g.doubleclick.net/pagead/id:0
[  110139ms] [ERROR] Failed to load resource: net::ERR_NAME_NOT_RESOLVED @ https://static.doubleclick.net/instream/ad_status.js:0
[  110139ms] [ERROR] Failed to load resource: net::ERR_NAME_NOT_RESOLVED @ https://googleads.g.doubleclick.net/pagead/id:0
[  115664ms] [ERROR] Failed to load resource: net::ERR_NAME_NOT_RESOLVED @ https://static.doubleclick.net/instream/ad_status.js:0
[  115664ms] [ERROR] Failed to load resource: net::ERR_NAME_NOT_RESOLVED @ https://googleads.g.doubleclick.net/pagead/id:0
[  121007ms] [ERROR] Failed to load resource: net::ERR_NAME_NOT_RESOLVED @ https://googleads.g.doubleclick.net/pagead/id:0
[  121007ms] [ERROR] Failed to load resource: net::ERR_NAME_NOT_RESOLVED @ https://static.doubleclick.net/instream/ad_status.js:0
[  126370ms] [ERROR] Failed to load resource: net::ERR_NAME_NOT_RESOLVED @ https://googleads.g.doubleclick.net/pagead/id:0
[  126370ms] [ERROR] Failed to load resource: net::ERR_NAME_NOT_RESOLVED @ https://static.doubleclick.net/instream/ad_status.js:0
[  131713ms] [ERROR] Failed to load resource: net::ERR_NAME_NOT_RESOLVED @ https://static.doubleclick.net/instream/ad_status.js:0
[  131714ms] [ERROR] Failed to load resource: net::ERR_NAME_NOT_RESOLVED @ https://googleads.g.doubleclick.net/pagead/id:0
[  137082ms] [ERROR] Failed to load resource: net::ERR_NAME_NOT_RESOLVED @ https://googleads.g.doubleclick.net/pagead/id:0
[  137082ms] [ERROR] Failed to load resource: net::ERR_NAME_NOT_RESOLVED @ https://static.doubleclick.net/instream/ad_status.js:0
[  139042ms] [ERROR] Failed to load resource: net::ERR_NAME_NOT_RESOLVED @ https://googleads.g.doubleclick.net/pagead/id:0
[  139042ms] [ERROR] Failed to load resource: net::ERR_NAME_NOT_RESOLVED @ https://static.doubleclick.net/instream/ad_status.js:0
[  139119ms] [ERROR] Failed to load resource: net::ERR_NAME_NOT_RESOLVED @ https://googleads.g.doubleclick.net/pagead/id:0
[  139119ms] [ERROR] Failed to load resource: net::ERR_NAME_NOT_RESOLVED @ https://static.doubleclick.net/instream/ad_status.js:0
[  139192ms] [ERROR] Failed to load resource: net::ERR_NAME_NOT_RESOLVED @ https://static.doubleclick.net/instream/ad_status.js:0
[  139193ms] [ERROR] Failed to load resource: net::ERR_NAME_NOT_RESOLVED @ https://googleads.g.doubleclick.net/pagead/id:0
[  144468ms] [ERROR] Failed to load resource: net::ERR_NAME_NOT_RESOLVED @ https://googleads.g.doubleclick.net/pagead/id:0
[  144468ms] [ERROR] Failed to load resource: net::ERR_NAME_NOT_RESOLVED @ https://static.doubleclick.net/instream/ad_status.js:0
[   28974ms] [ERROR] Failed to load resource: net::ERR_NAME_NOT_RESOLVED @ https://googleads.g.doubleclick.net/pagead/id:0
[   28974ms] [ERROR] Failed to load resource: net::ERR_NAME_NOT_RESOLVED @ https://static.doubleclick.net/instream/ad_status.js:0
[   55640ms] [ERROR] Failed to load resource: net::ERR_NAME_NOT_RESOLVED @ https://googleads.g.doubleclick.net/pagead/id:0
[   55640ms] [ERROR] Failed to load resource: net::ERR_NAME_NOT_RESOLVED @ https://static.doubleclick.net/instream/ad_status.js:0
[   55682ms] [ERROR] Failed to load resource: net::ERR_NAME_NOT_RESOLVED @ https://static.doubleclick.net/instream/ad_status.js:0
[   55683ms] [ERROR] Failed to load resource: net::ERR_NAME_NOT_RESOLVED @ https://googleads.g.doubleclick.net/pagead/id:0
[   61060ms] [ERROR] Failed to load resource: net::ERR_NAME_NOT_RESOLVED @ https://googleads.g.doubleclick.net/pagead/id:0
[   61060ms] [ERROR] Failed to load resource: net::ERR_NAME_NOT_RESOLVED @ https://static.doubleclick.net/instream/ad_status.js:0
[   66400ms] [ERROR] Failed to load resource: net::ERR_NAME_NOT_RESOLVED @ https://googleads.g.doubleclick.net/pagead/id:0
[   66400ms] [ERROR] Failed to load resource: net::ERR_NAME_NOT_RESOLVED @ https://static.doubleclick.net/instream/ad_status.js:0
[   71850ms] [ERROR] Failed to load resource: net::ERR_NAME_NOT_RESOLVED @ https://googleads.g.doubleclick.net/pagead/id:0
[   71850ms] [ERROR] Failed to load resource: net::ERR_NAME_NOT_RESOLVED @ https://static.doubleclick.net/instream/ad_status.js:0
[   77308ms] [ERROR] Failed to load resource: net::ERR_NAME_NOT_RESOLVED @ https://static.doubleclick.net/instream/ad_status.js:0
[   77309ms] [ERROR] Failed to load resource: net::ERR_NAME_NOT_RESOLVED @ https://googleads.g.doubleclick.net/pagead/id:0
[   82649ms] [ERROR] Failed to load resource: net::ERR_NAME_NOT_RESOLVED @ https://googleads.g.doubleclick.net/pagead/id:0
[   82650ms] [ERROR] Failed to load resource: net::ERR_NAME_NOT_RESOLVED @ https://static.doubleclick.net/instream/ad_status.js:0
[   88015ms] [ERROR] Failed to load resource: net::ERR_NAME_NOT_RESOLVED @ https://googleads.g.doubleclick.net/pagead/id:0
[   88015ms] [ERROR] Failed to load resource: net::ERR_NAME_NOT_RESOLVED @ https://static.doubleclick.net/instream/ad_status.js:0
[   93591ms] [ERROR] Failed to load resource: net::ERR_NAME_NOT_RESOLVED @ https://static.doubleclick.net/instream/ad_status.js:0
[   93591ms] [ERROR] Failed to load resource: net::ERR_NAME_NOT_RESOLVED @ https://googleads.g.doubleclick.net/pagead/id:0
[   98946ms] [ERROR] Failed to load resource: net::ERR_NAME_NOT_RESOLVED @ https://googleads.g.doubleclick.net/pagead/id:0
[   98946ms] [ERROR] Failed to load resource: net::ERR_NAME_NOT_RESOLVED @ https://static.doubleclick.net/instream/ad_status.js:0
[  104772ms] [ERROR] Failed to load resource: net::ERR_NAME_NOT_RESOLVED @ https://static.doubleclick.net/instream/ad_status.js:0
[  104772ms] [ERROR] Failed to load resource: net::ERR_NAME_NOT_RESOLVED @ https://googleads.g.doubleclick.net/pagead/id:0
[  110139ms] [ERROR] Failed to load resource: net::ERR_NAME_NOT_RESOLVED @ https://static.doubleclick.net/instream/ad_status.js:0
[  110139ms] [ERROR] Failed to load resource: net::ERR_NAME_NOT_RESOLVED @ https://googleads.g.doubleclick.net/pagead/id:0
[  115664ms] [ERROR] Failed to load resource: net::ERR_NAME_NOT_RESOLVED @ https://static.doubleclick.net/instream/ad_status.js:0
[  115664ms] [ERROR] Failed to load resource: net::ERR_NAME_NOT_RESOLVED @ https://googleads.g.doubleclick.net/pagead/id:0
[  121007ms] [ERROR] Failed to load resource: net::ERR_NAME_NOT_RESOLVED @ https://googleads.g.doubleclick.net/pagead/id:0
[  121007ms] [ERROR] Failed to load resource: net::ERR_NAME_NOT_RESOLVED @ https://static.doubleclick.net/instream/ad_status.js:0
[  126370ms] [ERROR] Failed to load resource: net::ERR_NAME_NOT_RESOLVED @ https://googleads.g.doubleclick.net/pagead/id:0
[  126370ms] [ERROR] Failed to load resource: net::ERR_NAME_NOT_RESOLVED @ https://static.doubleclick.net/instream/ad_status.js:0
[  131713ms] [ERROR] Failed to load resource: net::ERR_NAME_NOT_RESOLVED @ https://static.doubleclick.net/instream/ad_status.js:0
[  131714ms] [ERROR] Failed to load resource: net::ERR_NAME_NOT_RESOLVED @ https://googleads.g.doubleclick.net/pagead/id:0
[  137082ms] [ERROR] Failed to load resource: net::ERR_NAME_NOT_RESOLVED @ https://googleads.g.doubleclick.net/pagead/id:0
[  137082ms] [ERROR] Failed to load resource: net::ERR_NAME_NOT_RESOLVED @ https://static.doubleclick.net/instream/ad_status.js:0
[  139042ms] [ERROR] Failed to load resource: net::ERR_NAME_NOT_RESOLVED @ https://googleads.g.doubleclick.net/pagead/id:0
[  139042ms] [ERROR] Failed to load resource: net::ERR_NAME_NOT_RESOLVED @ https://static.doubleclick.net/instream/ad_status.js:0
[  139119ms] [ERROR] Failed to load resource: net::ERR_NAME_NOT_RESOLVED @ https://googleads.g.doubleclick.net/pagead/id:0
[  139119ms] [ERROR] Failed to load resource: net::ERR_NAME_NOT_RESOLVED @ https://static.doubleclick.net/instream/ad_status.js:0
[  139192ms] [ERROR] Failed to load resource: net::ERR_NAME_NOT_RESOLVED @ https://static.doubleclick.net/instream/ad_status.js:0
[  139193ms] [ERROR] Failed to load resource: net::ERR_NAME_NOT_RESOLVED @ https://googleads.g.doubleclick.net/pagead/id:0
[  144468ms] [ERROR] Failed to load resource: net::ERR_NAME_NOT_RESOLVED @ https://googleads.g.doubleclick.net/pagead/id:0
[  144468ms] [ERROR] Failed to load resource: net::ERR_NAME_NOT_RESOLVED @ https://static.doubleclick.net/instream/ad_status.js:0
[  149725ms] [WARNING] Failed to execute 'postMessage' on 'DOMWindow': The target origin provided ('https://www.youtube.com') does not match the recipient window's origin ('http://127.0.0.1:4000'). @ https://www.youtube.com/s/player/8a6e7bc4/www-widgetapi.vflset/www-widgetapi.js:209
[  149814ms] [ERROR] Failed to load resource: net::ERR_NAME_NOT_RESOLVED @ https://googleads.g.doubleclick.net/pagead/id:0
[  149814ms] [ERROR] Failed to load resource: net::ERR_NAME_NOT_RESOLVED @ https://static.doubleclick.net/instream/ad_status.js:0
[   28974ms] [ERROR] Failed to load resource: net::ERR_NAME_NOT_RESOLVED @ https://googleads.g.doubleclick.net/pagead/id:0
[   28974ms] [ERROR] Failed to load resource: net::ERR_NAME_NOT_RESOLVED @ https://static.doubleclick.net/instream/ad_status.js:0
[   55640ms] [ERROR] Failed to load resource: net::ERR_NAME_NOT_RESOLVED @ https://googleads.g.doubleclick.net/pagead/id:0
[   55640ms] [ERROR] Failed to load resource: net::ERR_NAME_NOT_RESOLVED @ https://static.doubleclick.net/instream/ad_status.js:0
[   55682ms] [ERROR] Failed to load resource: net::ERR_NAME_NOT_RESOLVED @ https://static.doubleclick.net/instream/ad_status.js:0
[   55683ms] [ERROR] Failed to load resource: net::ERR_NAME_NOT_RESOLVED @ https://googleads.g.doubleclick.net/pagead/id:0
[   61060ms] [ERROR] Failed to load resource: net::ERR_NAME_NOT_RESOLVED @ https://googleads.g.doubleclick.net/pagead/id:0
[   61060ms] [ERROR] Failed to load resource: net::ERR_NAME_NOT_RESOLVED @ https://static.doubleclick.net/instream/ad_status.js:0
[   66400ms] [ERROR] Failed to load resource: net::ERR_NAME_NOT_RESOLVED @ https://googleads.g.doubleclick.net/pagead/id:0
[   66400ms] [ERROR] Failed to load resource: net::ERR_NAME_NOT_RESOLVED @ https://static.doubleclick.net/instream/ad_status.js:0
[   71850ms] [ERROR] Failed to load resource: net::ERR_NAME_NOT_RESOLVED @ https://googleads.g.doubleclick.net/pagead/id:0
[   71850ms] [ERROR] Failed to load resource: net::ERR_NAME_NOT_RESOLVED @ https://static.doubleclick.net/instream/ad_status.js:0
[   77308ms] [ERROR] Failed to load resource: net::ERR_NAME_NOT_RESOLVED @ https://static.doubleclick.net/instream/ad_status.js:0
[   77309ms] [ERROR] Failed to load resource: net::ERR_NAME_NOT_RESOLVED @ https://googleads.g.doubleclick.net/pagead/id:0
[   82649ms] [ERROR] Failed to load resource: net::ERR_NAME_NOT_RESOLVED @ https://googleads.g.doubleclick.net/pagead/id:0
[   82650ms] [ERROR] Failed to load resource: net::ERR_NAME_NOT_RESOLVED @ https://static.doubleclick.net/instream/ad_status.js:0
[   88015ms] [ERROR] Failed to load resource: net::ERR_NAME_NOT_RESOLVED @ https://googleads.g.doubleclick.net/pagead/id:0
[   88015ms] [ERROR] Failed to load resource: net::ERR_NAME_NOT_RESOLVED @ https://static.doubleclick.net/instream/ad_status.js:0
[   93591ms] [ERROR] Failed to load resource: net::ERR_NAME_NOT_RESOLVED @ https://static.doubleclick.net/instream/ad_status.js:0
[   93591ms] [ERROR] Failed to load resource: net::ERR_NAME_NOT_RESOLVED @ https://googleads.g.doubleclick.net/pagead/id:0
[   98946ms] [ERROR] Failed to load resource: net::ERR_NAME_NOT_RESOLVED @ https://googleads.g.doubleclick.net/pagead/id:0
[   98946ms] [ERROR] Failed to load resource: net::ERR_NAME_NOT_RESOLVED @ https://static.doubleclick.net/instream/ad_status.js:0
[  104772ms] [ERROR] Failed to load resource: net::ERR_NAME_NOT_RESOLVED @ https://static.doubleclick.net/instream/ad_status.js:0
[  104772ms] [ERROR] Failed to load resource: net::ERR_NAME_NOT_RESOLVED @ https://googleads.g.doubleclick.net/pagead/id:0
[  110139ms] [ERROR] Failed to load resource: net::ERR_NAME_NOT_RESOLVED @ https://static.doubleclick.net/instream/ad_status.js:0
[  110139ms] [ERROR] Failed to load resource: net::ERR_NAME_NOT_RESOLVED @ https://googleads.g.doubleclick.net/pagead/id:0
[  115664ms] [ERROR] Failed to load resource: net::ERR_NAME_NOT_RESOLVED @ https://static.doubleclick.net/instream/ad_status.js:0
[  115664ms] [ERROR] Failed to load resource: net::ERR_NAME_NOT_RESOLVED @ https://googleads.g.doubleclick.net/pagead/id:0
[  121007ms] [ERROR] Failed to load resource: net::ERR_NAME_NOT_RESOLVED @ https://googleads.g.doubleclick.net/pagead/id:0
[  121007ms] [ERROR] Failed to load resource: net::ERR_NAME_NOT_RESOLVED @ https://static.doubleclick.net/instream/ad_status.js:0
[  126370ms] [ERROR] Failed to load resource: net::ERR_NAME_NOT_RESOLVED @ https://googleads.g.doubleclick.net/pagead/id:0
[  126370ms] [ERROR] Failed to load resource: net::ERR_NAME_NOT_RESOLVED @ https://static.doubleclick.net/instream/ad_status.js:0
[  131713ms] [ERROR] Failed to load resource: net::ERR_NAME_NOT_RESOLVED @ https://static.doubleclick.net/instream/ad_status.js:0
[  131714ms] [ERROR] Failed to load resource: net::ERR_NAME_NOT_RESOLVED @ https://googleads.g.doubleclick.net/pagead/id:0
[  137082ms] [ERROR] Failed to load resource: net::ERR_NAME_NOT_RESOLVED @ https://googleads.g.doubleclick.net/pagead/id:0
[  137082ms] [ERROR] Failed to load resource: net::ERR_NAME_NOT_RESOLVED @ https://static.doubleclick.net/instream/ad_status.js:0
[  139042ms] [ERROR] Failed to load resource: net::ERR_NAME_NOT_RESOLVED @ https://googleads.g.doubleclick.net/pagead/id:0
[  139042ms] [ERROR] Failed to load resource: net::ERR_NAME_NOT_RESOLVED @ https://static.doubleclick.net/instream/ad_status.js:0
[  139119ms] [ERROR] Failed to load resource: net::ERR_NAME_NOT_RESOLVED @ https://googleads.g.doubleclick.net/pagead/id:0
[  139119ms] [ERROR] Failed to load resource: net::ERR_NAME_NOT_RESOLVED @ https://static.doubleclick.net/instream/ad_status.js:0
[  139192ms] [ERROR] Failed to load resource: net::ERR_NAME_NOT_RESOLVED @ https://static.doubleclick.net/instream/ad_status.js:0
[  139193ms] [ERROR] Failed to load resource: net::ERR_NAME_NOT_RESOLVED @ https://googleads.g.doubleclick.net/pagead/id:0
[  144468ms] [ERROR] Failed to load resource: net::ERR_NAME_NOT_RESOLVED @ https://googleads.g.doubleclick.net/pagead/id:0
[  144468ms] [ERROR] Failed to load resource: net::ERR_NAME_NOT_RESOLVED @ https://static.doubleclick.net/instream/ad_status.js:0
[  149814ms] [ERROR] Failed to load resource: net::ERR_NAME_NOT_RESOLVED @ https://googleads.g.doubleclick.net/pagead/id:0
[  149814ms] [ERROR] Failed to load resource: net::ERR_NAME_NOT_RESOLVED @ https://static.doubleclick.net/instream/ad_status.js:0
[  155140ms] [ERROR] Failed to load resource: net::ERR_NAME_NOT_RESOLVED @ https://googleads.g.doubleclick.net/pagead/id:0
[  155140ms] [ERROR] Failed to load resource: net::ERR_NAME_NOT_RESOLVED @ https://static.doubleclick.net/instream/ad_status.js:0
[   28974ms] [ERROR] Failed to load resource: net::ERR_NAME_NOT_RESOLVED @ https://googleads.g.doubleclick.net/pagead/id:0
[   28974ms] [ERROR] Failed to load resource: net::ERR_NAME_NOT_RESOLVED @ https://static.doubleclick.net/instream/ad_status.js:0
[   55640ms] [ERROR] Failed to load resource: net::ERR_NAME_NOT_RESOLVED @ https://googleads.g.doubleclick.net/pagead/id:0
[   55640ms] [ERROR] Failed to load resource: net::ERR_NAME_NOT_RESOLVED @ https://static.doubleclick.net/instream/ad_status.js:0
[   55682ms] [ERROR] Failed to load resource: net::ERR_NAME_NOT_RESOLVED @ https://static.doubleclick.net/instream/ad_status.js:0
[   55683ms] [ERROR] Failed to load resource: net::ERR_NAME_NOT_RESOLVED @ https://googleads.g.doubleclick.net/pagead/id:0
[   61060ms] [ERROR] Failed to load resource: net::ERR_NAME_NOT_RESOLVED @ https://googleads.g.doubleclick.net/pagead/id:0
[   61060ms] [ERROR] Failed to load resource: net::ERR_NAME_NOT_RESOLVED @ https://static.doubleclick.net/instream/ad_status.js:0
[   66400ms] [ERROR] Failed to load resource: net::ERR_NAME_NOT_RESOLVED @ https://googleads.g.doubleclick.net/pagead/id:0
[   66400ms] [ERROR] Failed to load resource: net::ERR_NAME_NOT_RESOLVED @ https://static.doubleclick.net/instream/ad_status.js:0
[   71850ms] [ERROR] Failed to load resource: net::ERR_NAME_NOT_RESOLVED @ https://googleads.g.doubleclick.net/pagead/id:0
[   71850ms] [ERROR] Failed to load resource: net::ERR_NAME_NOT_RESOLVED @ https://static.doubleclick.net/instream/ad_status.js:0
[   77308ms] [ERROR] Failed to load resource: net::ERR_NAME_NOT_RESOLVED @ https://static.doubleclick.net/instream/ad_status.js:0
[   77309ms] [ERROR] Failed to load resource: net::ERR_NAME_NOT_RESOLVED @ https://googleads.g.doubleclick.net/pagead/id:0
[   82649ms] [ERROR] Failed to load resource: net::ERR_NAME_NOT_RESOLVED @ https://googleads.g.doubleclick.net/pagead/id:0
[   82650ms] [ERROR] Failed to load resource: net::ERR_NAME_NOT_RESOLVED @ https://static.doubleclick.net/instream/ad_status.js:0
[   88015ms] [ERROR] Failed to load resource: net::ERR_NAME_NOT_RESOLVED @ https://googleads.g.doubleclick.net/pagead/id:0
[   88015ms] [ERROR] Failed to load resource: net::ERR_NAME_NOT_RESOLVED @ https://static.doubleclick.net/instream/ad_status.js:0
[   93591ms] [ERROR] Failed to load resource: net::ERR_NAME_NOT_RESOLVED @ https://static.doubleclick.net/instream/ad_status.js:0
[   93591ms] [ERROR] Failed to load resource: net::ERR_NAME_NOT_RESOLVED @ https://googleads.g.doubleclick.net/pagead/id:0
[   98946ms] [ERROR] Failed to load resource: net::ERR_NAME_NOT_RESOLVED @ https://googleads.g.doubleclick.net/pagead/id:0
[   98946ms] [ERROR] Failed to load resource: net::ERR_NAME_NOT_RESOLVED @ https://static.doubleclick.net/instream/ad_status.js:0
[  104772ms] [ERROR] Failed to load resource: net::ERR_NAME_NOT_RESOLVED @ https://static.doubleclick.net/instream/ad_status.js:0
[  104772ms] [ERROR] Failed to load resource: net::ERR_NAME_NOT_RESOLVED @ https://googleads.g.doubleclick.net/pagead/id:0
[  110139ms] [ERROR] Failed to load resource: net::ERR_NAME_NOT_RESOLVED @ https://static.doubleclick.net/instream/ad_status.js:0
[  110139ms] [ERROR] Failed to load resource: net::ERR_NAME_NOT_RESOLVED @ https://googleads.g.doubleclick.net/pagead/id:0
[  115664ms] [ERROR] Failed to load resource: net::ERR_NAME_NOT_RESOLVED @ https://static.doubleclick.net/instream/ad_status.js:0
[  115664ms] [ERROR] Failed to load resource: net::ERR_NAME_NOT_RESOLVED @ https://googleads.g.doubleclick.net/pagead/id:0
[  121007ms] [ERROR] Failed to load resource: net::ERR_NAME_NOT_RESOLVED @ https://googleads.g.doubleclick.net/pagead/id:0
[  121007ms] [ERROR] Failed to load resource: net::ERR_NAME_NOT_RESOLVED @ https://static.doubleclick.net/instream/ad_status.js:0
[  126370ms] [ERROR] Failed to load resource: net::ERR_NAME_NOT_RESOLVED @ https://googleads.g.doubleclick.net/pagead/id:0
[  126370ms] [ERROR] Failed to load resource: net::ERR_NAME_NOT_RESOLVED @ https://static.doubleclick.net/instream/ad_status.js:0
[  131713ms] [ERROR] Failed to load resource: net::ERR_NAME_NOT_RESOLVED @ https://static.doubleclick.net/instream/ad_status.js:0
[  131714ms] [ERROR] Failed to load resource: net::ERR_NAME_NOT_RESOLVED @ https://googleads.g.doubleclick.net/pagead/id:0
[  137082ms] [ERROR] Failed to load resource: net::ERR_NAME_NOT_RESOLVED @ https://googleads.g.doubleclick.net/pagead/id:0
[  137082ms] [ERROR] Failed to load resource: net::ERR_NAME_NOT_RESOLVED @ https://static.doubleclick.net/instream/ad_status.js:0
[  139042ms] [ERROR] Failed to load resource: net::ERR_NAME_NOT_RESOLVED @ https://googleads.g.doubleclick.net/pagead/id:0
[  139042ms] [ERROR] Failed to load resource: net::ERR_NAME_NOT_RESOLVED @ https://static.doubleclick.net/instream/ad_status.js:0
[  139119ms] [ERROR] Failed to load resource: net::ERR_NAME_NOT_RESOLVED @ https://googleads.g.doubleclick.net/pagead/id:0
[  139119ms] [ERROR] Failed to load resource: net::ERR_NAME_NOT_RESOLVED @ https://static.doubleclick.net/instream/ad_status.js:0
[  139192ms] [ERROR] Failed to load resource: net::ERR_NAME_NOT_RESOLVED @ https://static.doubleclick.net/instream/ad_status.js:0
[  139193ms] [ERROR] Failed to load resource: net::ERR_NAME_NOT_RESOLVED @ https://googleads.g.doubleclick.net/pagead/id:0
[  144468ms] [ERROR] Failed to load resource: net::ERR_NAME_NOT_RESOLVED @ https://googleads.g.doubleclick.net/pagead/id:0
[  144468ms] [ERROR] Failed to load resource: net::ERR_NAME_NOT_RESOLVED @ https://static.doubleclick.net/instream/ad_status.js:0
[  149814ms] [ERROR] Failed to load resource: net::ERR_NAME_NOT_RESOLVED @ https://googleads.g.doubleclick.net/pagead/id:0
[  149814ms] [ERROR] Failed to load resource: net::ERR_NAME_NOT_RESOLVED @ https://static.doubleclick.net/instream/ad_status.js:0
[  155140ms] [ERROR] Failed to load resource: net::ERR_NAME_NOT_RESOLVED @ https://googleads.g.doubleclick.net/pagead/id:0
[  155140ms] [ERROR] Failed to load resource: net::ERR_NAME_NOT_RESOLVED @ https://static.doubleclick.net/instream/ad_status.js:0
[  160469ms] [ERROR] Failed to load resource: net::ERR_NAME_NOT_RESOLVED @ https://static.doubleclick.net/instream/ad_status.js:0
[  160470ms] [ERROR] Failed to load resource: net::ERR_NAME_NOT_RESOLVED @ https://googleads.g.doubleclick.net/pagead/id:0
[   28974ms] [ERROR] Failed to load resource: net::ERR_NAME_NOT_RESOLVED @ https://googleads.g.doubleclick.net/pagead/id:0
[   28974ms] [ERROR] Failed to load resource: net::ERR_NAME_NOT_RESOLVED @ https://static.doubleclick.net/instream/ad_status.js:0
[   55640ms] [ERROR] Failed to load resource: net::ERR_NAME_NOT_RESOLVED @ https://googleads.g.doubleclick.net/pagead/id:0
[   55640ms] [ERROR] Failed to load resource: net::ERR_NAME_NOT_RESOLVED @ https://static.doubleclick.net/instream/ad_status.js:0
[   55682ms] [ERROR] Failed to load resource: net::ERR_NAME_NOT_RESOLVED @ https://static.doubleclick.net/instream/ad_status.js:0
[   55683ms] [ERROR] Failed to load resource: net::ERR_NAME_NOT_RESOLVED @ https://googleads.g.doubleclick.net/pagead/id:0
[   61060ms] [ERROR] Failed to load resource: net::ERR_NAME_NOT_RESOLVED @ https://googleads.g.doubleclick.net/pagead/id:0
[   61060ms] [ERROR] Failed to load resource: net::ERR_NAME_NOT_RESOLVED @ https://static.doubleclick.net/instream/ad_status.js:0
[   66400ms] [ERROR] Failed to load resource: net::ERR_NAME_NOT_RESOLVED @ https://googleads.g.doubleclick.net/pagead/id:0
[   66400ms] [ERROR] Failed to load resource: net::ERR_NAME_NOT_RESOLVED @ https://static.doubleclick.net/instream/ad_status.js:0
[   71850ms] [ERROR] Failed to load resource: net::ERR_NAME_NOT_RESOLVED @ https://googleads.g.doubleclick.net/pagead/id:0
[   71850ms] [ERROR] Failed to load resource: net::ERR_NAME_NOT_RESOLVED @ https://static.doubleclick.net/instream/ad_status.js:0
[   77308ms] [ERROR] Failed to load resource: net::ERR_NAME_NOT_RESOLVED @ https://static.doubleclick.net/instream/ad_status.js:0
[   77309ms] [ERROR] Failed to load resource: net::ERR_NAME_NOT_RESOLVED @ https://googleads.g.doubleclick.net/pagead/id:0
[   82649ms] [ERROR] Failed to load resource: net::ERR_NAME_NOT_RESOLVED @ https://googleads.g.doubleclick.net/pagead/id:0
[   82650ms] [ERROR] Failed to load resource: net::ERR_NAME_NOT_RESOLVED @ https://static.doubleclick.net/instream/ad_status.js:0
[   88015ms] [ERROR] Failed to load resource: net::ERR_NAME_NOT_RESOLVED @ https://googleads.g.doubleclick.net/pagead/id:0
[   88015ms] [ERROR] Failed to load resource: net::ERR_NAME_NOT_RESOLVED @ https://static.doubleclick.net/instream/ad_status.js:0
[   93591ms] [ERROR] Failed to load resource: net::ERR_NAME_NOT_RESOLVED @ https://static.doubleclick.net/instream/ad_status.js:0
[   93591ms] [ERROR] Failed to load resource: net::ERR_NAME_NOT_RESOLVED @ https://googleads.g.doubleclick.net/pagead/id:0
[   98946ms] [ERROR] Failed to load resource: net::ERR_NAME_NOT_RESOLVED @ https://googleads.g.doubleclick.net/pagead/id:0
[   98946ms] [ERROR] Failed to load resource: net::ERR_NAME_NOT_RESOLVED @ https://static.doubleclick.net/instream/ad_status.js:0
[  104772ms] [ERROR] Failed to load resource: net::ERR_NAME_NOT_RESOLVED @ https://static.doubleclick.net/instream/ad_status.js:0
[  104772ms] [ERROR] Failed to load resource: net::ERR_NAME_NOT_RESOLVED @ https://googleads.g.doubleclick.net/pagead/id:0
[  110139ms] [ERROR] Failed to load resource: net::ERR_NAME_NOT_RESOLVED @ https://static.doubleclick.net/instream/ad_status.js:0
[  110139ms] [ERROR] Failed to load resource: net::ERR_NAME_NOT_RESOLVED @ https://googleads.g.doubleclick.net/pagead/id:0
[  115664ms] [ERROR] Failed to load resource: net::ERR_NAME_NOT_RESOLVED @ https://static.doubleclick.net/instream/ad_status.js:0
[  115664ms] [ERROR] Failed to load resource: net::ERR_NAME_NOT_RESOLVED @ https://googleads.g.doubleclick.net/pagead/id:0
[  121007ms] [ERROR] Failed to load resource: net::ERR_NAME_NOT_RESOLVED @ https://googleads.g.doubleclick.net/pagead/id:0
[  121007ms] [ERROR] Failed to load resource: net::ERR_NAME_NOT_RESOLVED @ https://static.doubleclick.net/instream/ad_status.js:0
[  126370ms] [ERROR] Failed to load resource: net::ERR_NAME_NOT_RESOLVED @ https://googleads.g.doubleclick.net/pagead/id:0
[  126370ms] [ERROR] Failed to load resource: net::ERR_NAME_NOT_RESOLVED @ https://static.doubleclick.net/instream/ad_status.js:0
[  131713ms] [ERROR] Failed to load resource: net::ERR_NAME_NOT_RESOLVED @ https://static.doubleclick.net/instream/ad_status.js:0
[  131714ms] [ERROR] Failed to load resource: net::ERR_NAME_NOT_RESOLVED @ https://googleads.g.doubleclick.net/pagead/id:0
[  137082ms] [ERROR] Failed to load resource: net::ERR_NAME_NOT_RESOLVED @ https://googleads.g.doubleclick.net/pagead/id:0
[  137082ms] [ERROR] Failed to load resource: net::ERR_NAME_NOT_RESOLVED @ https://static.doubleclick.net/instream/ad_status.js:0
[  139042ms] [ERROR] Failed to load resource: net::ERR_NAME_NOT_RESOLVED @ https://googleads.g.doubleclick.net/pagead/id:0
[  139042ms] [ERROR] Failed to load resource: net::ERR_NAME_NOT_RESOLVED @ https://static.doubleclick.net/instream/ad_status.js:0
[  139119ms] [ERROR] Failed to load resource: net::ERR_NAME_NOT_RESOLVED @ https://googleads.g.doubleclick.net/pagead/id:0
[  139119ms] [ERROR] Failed to load resource: net::ERR_NAME_NOT_RESOLVED @ https://static.doubleclick.net/instream/ad_status.js:0
[  139192ms] [ERROR] Failed to load resource: net::ERR_NAME_NOT_RESOLVED @ https://static.doubleclick.net/instream/ad_status.js:0
[  139193ms] [ERROR] Failed to load resource: net::ERR_NAME_NOT_RESOLVED @ https://googleads.g.doubleclick.net/pagead/id:0
[  144468ms] [ERROR] Failed to load resource: net::ERR_NAME_NOT_RESOLVED @ https://googleads.g.doubleclick.net/pagead/id:0
[  144468ms] [ERROR] Failed to load resource: net::ERR_NAME_NOT_RESOLVED @ https://static.doubleclick.net/instream/ad_status.js:0
[  149814ms] [ERROR] Failed to load resource: net::ERR_NAME_NOT_RESOLVED @ https://googleads.g.doubleclick.net/pagead/id:0
[  149814ms] [ERROR] Failed to load resource: net::ERR_NAME_NOT_RESOLVED @ https://static.doubleclick.net/instream/ad_status.js:0
[  155140ms] [ERROR] Failed to load resource: net::ERR_NAME_NOT_RESOLVED @ https://googleads.g.doubleclick.net/pagead/id:0
[  155140ms] [ERROR] Failed to load resource: net::ERR_NAME_NOT_RESOLVED @ https://static.doubleclick.net/instream/ad_status.js:0
[  160469ms] [ERROR] Failed to load resource: net::ERR_NAME_NOT_RESOLVED @ https://static.doubleclick.net/instream/ad_status.js:0
[  160470ms] [ERROR] Failed to load resource: net::ERR_NAME_NOT_RESOLVED @ https://googleads.g.doubleclick.net/pagead/id:0
[  165730ms] [WARNING] Failed to execute 'postMessage' on 'DOMWindow': The target origin provided ('https://www.youtube.com') does not match the recipient window's origin ('http://127.0.0.1:4000'). @ https://www.youtube.com/s/player/8a6e7bc4/www-widgetapi.vflset/www-widgetapi.js:209
[  165810ms] [ERROR] Failed to load resource: net::ERR_NAME_NOT_RESOLVED @ https://googleads.g.doubleclick.net/pagead/id:0
[  165810ms] [ERROR] Failed to load resource: net::ERR_NAME_NOT_RESOLVED @ https://static.doubleclick.net/instream/ad_status.js:0
[   28974ms] [ERROR] Failed to load resource: net::ERR_NAME_NOT_RESOLVED @ https://googleads.g.doubleclick.net/pagead/id:0
[   28974ms] [ERROR] Failed to load resource: net::ERR_NAME_NOT_RESOLVED @ https://static.doubleclick.net/instream/ad_status.js:0
[   55640ms] [ERROR] Failed to load resource: net::ERR_NAME_NOT_RESOLVED @ https://googleads.g.doubleclick.net/pagead/id:0
[   55640ms] [ERROR] Failed to load resource: net::ERR_NAME_NOT_RESOLVED @ https://static.doubleclick.net/instream/ad_status.js:0
[   55682ms] [ERROR] Failed to load resource: net::ERR_NAME_NOT_RESOLVED @ https://static.doubleclick.net/instream/ad_status.js:0
[   55683ms] [ERROR] Failed to load resource: net::ERR_NAME_NOT_RESOLVED @ https://googleads.g.doubleclick.net/pagead/id:0
[   61060ms] [ERROR] Failed to load resource: net::ERR_NAME_NOT_RESOLVED @ https://googleads.g.doubleclick.net/pagead/id:0
[   61060ms] [ERROR] Failed to load resource: net::ERR_NAME_NOT_RESOLVED @ https://static.doubleclick.net/instream/ad_status.js:0
[   66400ms] [ERROR] Failed to load resource: net::ERR_NAME_NOT_RESOLVED @ https://googleads.g.doubleclick.net/pagead/id:0
[   66400ms] [ERROR] Failed to load resource: net::ERR_NAME_NOT_RESOLVED @ https://static.doubleclick.net/instream/ad_status.js:0
[   71850ms] [ERROR] Failed to load resource: net::ERR_NAME_NOT_RESOLVED @ https://googleads.g.doubleclick.net/pagead/id:0
[   71850ms] [ERROR] Failed to load resource: net::ERR_NAME_NOT_RESOLVED @ https://static.doubleclick.net/instream/ad_status.js:0
[   77308ms] [ERROR] Failed to load resource: net::ERR_NAME_NOT_RESOLVED @ https://static.doubleclick.net/instream/ad_status.js:0
[   77309ms] [ERROR] Failed to load resource: net::ERR_NAME_NOT_RESOLVED @ https://googleads.g.doubleclick.net/pagead/id:0
[   82649ms] [ERROR] Failed to load resource: net::ERR_NAME_NOT_RESOLVED @ https://googleads.g.doubleclick.net/pagead/id:0
[   82650ms] [ERROR] Failed to load resource: net::ERR_NAME_NOT_RESOLVED @ https://static.doubleclick.net/instream/ad_status.js:0
[   88015ms] [ERROR] Failed to load resource: net::ERR_NAME_NOT_RESOLVED @ https://googleads.g.doubleclick.net/pagead/id:0
[   88015ms] [ERROR] Failed to load resource: net::ERR_NAME_NOT_RESOLVED @ https://static.doubleclick.net/instream/ad_status.js:0
[   93591ms] [ERROR] Failed to load resource: net::ERR_NAME_NOT_RESOLVED @ https://static.doubleclick.net/instream/ad_status.js:0
[   93591ms] [ERROR] Failed to load resource: net::ERR_NAME_NOT_RESOLVED @ https://googleads.g.doubleclick.net/pagead/id:0
[   98946ms] [ERROR] Failed to load resource: net::ERR_NAME_NOT_RESOLVED @ https://googleads.g.doubleclick.net/pagead/id:0
[   98946ms] [ERROR] Failed to load resource: net::ERR_NAME_NOT_RESOLVED @ https://static.doubleclick.net/instream/ad_status.js:0
[  104772ms] [ERROR] Failed to load resource: net::ERR_NAME_NOT_RESOLVED @ https://static.doubleclick.net/instream/ad_status.js:0
[  104772ms] [ERROR] Failed to load resource: net::ERR_NAME_NOT_RESOLVED @ https://googleads.g.doubleclick.net/pagead/id:0
[  110139ms] [ERROR] Failed to load resource: net::ERR_NAME_NOT_RESOLVED @ https://static.doubleclick.net/instream/ad_status.js:0
[  110139ms] [ERROR] Failed to load resource: net::ERR_NAME_NOT_RESOLVED @ https://googleads.g.doubleclick.net/pagead/id:0
[  115664ms] [ERROR] Failed to load resource: net::ERR_NAME_NOT_RESOLVED @ https://static.doubleclick.net/instream/ad_status.js:0
[  115664ms] [ERROR] Failed to load resource: net::ERR_NAME_NOT_RESOLVED @ https://googleads.g.doubleclick.net/pagead/id:0
[  121007ms] [ERROR] Failed to load resource: net::ERR_NAME_NOT_RESOLVED @ https://googleads.g.doubleclick.net/pagead/id:0
[  121007ms] [ERROR] Failed to load resource: net::ERR_NAME_NOT_RESOLVED @ https://static.doubleclick.net/instream/ad_status.js:0
[  126370ms] [ERROR] Failed to load resource: net::ERR_NAME_NOT_RESOLVED @ https://googleads.g.doubleclick.net/pagead/id:0
[  126370ms] [ERROR] Failed to load resource: net::ERR_NAME_NOT_RESOLVED @ https://static.doubleclick.net/instream/ad_status.js:0
[  131713ms] [ERROR] Failed to load resource: net::ERR_NAME_NOT_RESOLVED @ https://static.doubleclick.net/instream/ad_status.js:0
[  131714ms] [ERROR] Failed to load resource: net::ERR_NAME_NOT_RESOLVED @ https://googleads.g.doubleclick.net/pagead/id:0
[  137082ms] [ERROR] Failed to load resource: net::ERR_NAME_NOT_RESOLVED @ https://googleads.g.doubleclick.net/pagead/id:0
[  137082ms] [ERROR] Failed to load resource: net::ERR_NAME_NOT_RESOLVED @ https://static.doubleclick.net/instream/ad_status.js:0
[  139042ms] [ERROR] Failed to load resource: net::ERR_NAME_NOT_RESOLVED @ https://googleads.g.doubleclick.net/pagead/id:0
[  139042ms] [ERROR] Failed to load resource: net::ERR_NAME_NOT_RESOLVED @ https://static.doubleclick.net/instream/ad_status.js:0
[  139119ms] [ERROR] Failed to load resource: net::ERR_NAME_NOT_RESOLVED @ https://googleads.g.doubleclick.net/pagead/id:0
[  139119ms] [ERROR] Failed to load resource: net::ERR_NAME_NOT_RESOLVED @ https://static.doubleclick.net/instream/ad_status.js:0
[  139192ms] [ERROR] Failed to load resource: net::ERR_NAME_NOT_RESOLVED @ https://static.doubleclick.net/instream/ad_status.js:0
[  139193ms] [ERROR] Failed to load resource: net::ERR_NAME_NOT_RESOLVED @ https://googleads.g.doubleclick.net/pagead/id:0
[  144468ms] [ERROR] Failed to load resource: net::ERR_NAME_NOT_RESOLVED @ https://googleads.g.doubleclick.net/pagead/id:0
[  144468ms] [ERROR] Failed to load resource: net::ERR_NAME_NOT_RESOLVED @ https://static.doubleclick.net/instream/ad_status.js:0
[  149814ms] [ERROR] Failed to load resource: net::ERR_NAME_NOT_RESOLVED @ https://googleads.g.doubleclick.net/pagead/id:0
[  149814ms] [ERROR] Failed to load resource: net::ERR_NAME_NOT_RESOLVED @ https://static.doubleclick.net/instream/ad_status.js:0
[  155140ms] [ERROR] Failed to load resource: net::ERR_NAME_NOT_RESOLVED @ https://googleads.g.doubleclick.net/pagead/id:0
[  155140ms] [ERROR] Failed to load resource: net::ERR_NAME_NOT_RESOLVED @ https://static.doubleclick.net/instream/ad_status.js:0
[  160469ms] [ERROR] Failed to load resource: net::ERR_NAME_NOT_RESOLVED @ https://static.doubleclick.net/instream/ad_status.js:0
[  160470ms] [ERROR] Failed to load resource: net::ERR_NAME_NOT_RESOLVED @ https://googleads.g.doubleclick.net/pagead/id:0
[  165810ms] [ERROR] Failed to load resource: net::ERR_NAME_NOT_RESOLVED @ https://googleads.g.doubleclick.net/pagead/id:0
[  165810ms] [ERROR] Failed to load resource: net::ERR_NAME_NOT_RESOLVED @ https://static.doubleclick.net/instream/ad_status.js:0
[  171068ms] [WARNING] Failed to execute 'postMessage' on 'DOMWindow': The target origin provided ('https://www.youtube.com') does not match the recipient window's origin ('http://127.0.0.1:4000'). @ https://www.youtube.com/s/player/8a6e7bc4/www-widgetapi.vflset/www-widgetapi.js:209
[  171144ms] [ERROR] Failed to load resource: net::ERR_NAME_NOT_RESOLVED @ https://googleads.g.doubleclick.net/pagead/id:0
[  171144ms] [ERROR] Failed to load resource: net::ERR_NAME_NOT_RESOLVED @ https://static.doubleclick.net/instream/ad_status.js:0
[  173640ms] [WARNING] Failed to execute 'postMessage' on 'DOMWindow': The target origin provided ('https://www.youtube.com') does not match the recipient window's origin ('http://127.0.0.1:4000'). @ https://www.youtube.com/s/player/8a6e7bc4/www-widgetapi.vflset/www-widgetapi.js:209
[   28974ms] [ERROR] Failed to load resource: net::ERR_NAME_NOT_RESOLVED @ https://googleads.g.doubleclick.net/pagead/id:0
[   28974ms] [ERROR] Failed to load resource: net::ERR_NAME_NOT_RESOLVED @ https://static.doubleclick.net/instream/ad_status.js:0
[   55640ms] [ERROR] Failed to load resource: net::ERR_NAME_NOT_RESOLVED @ https://googleads.g.doubleclick.net/pagead/id:0
[   55640ms] [ERROR] Failed to load resource: net::ERR_NAME_NOT_RESOLVED @ https://static.doubleclick.net/instream/ad_status.js:0
[   55682ms] [ERROR] Failed to load resource: net::ERR_NAME_NOT_RESOLVED @ https://static.doubleclick.net/instream/ad_status.js:0
[   55683ms] [ERROR] Failed to load resource: net::ERR_NAME_NOT_RESOLVED @ https://googleads.g.doubleclick.net/pagead/id:0
[   61060ms] [ERROR] Failed to load resource: net::ERR_NAME_NOT_RESOLVED @ https://googleads.g.doubleclick.net/pagead/id:0
[   61060ms] [ERROR] Failed to load resource: net::ERR_NAME_NOT_RESOLVED @ https://static.doubleclick.net/instream/ad_status.js:0
[   66400ms] [ERROR] Failed to load resource: net::ERR_NAME_NOT_RESOLVED @ https://googleads.g.doubleclick.net/pagead/id:0
[   66400ms] [ERROR] Failed to load resource: net::ERR_NAME_NOT_RESOLVED @ https://static.doubleclick.net/instream/ad_status.js:0
[   71850ms] [ERROR] Failed to load resource: net::ERR_NAME_NOT_RESOLVED @ https://googleads.g.doubleclick.net/pagead/id:0
[   71850ms] [ERROR] Failed to load resource: net::ERR_NAME_NOT_RESOLVED @ https://static.doubleclick.net/instream/ad_status.js:0
[   77308ms] [ERROR] Failed to load resource: net::ERR_NAME_NOT_RESOLVED @ https://static.doubleclick.net/instream/ad_status.js:0
[   77309ms] [ERROR] Failed to load resource: net::ERR_NAME_NOT_RESOLVED @ https://googleads.g.doubleclick.net/pagead/id:0
[   82649ms] [ERROR] Failed to load resource: net::ERR_NAME_NOT_RESOLVED @ https://googleads.g.doubleclick.net/pagead/id:0
[   82650ms] [ERROR] Failed to load resource: net::ERR_NAME_NOT_RESOLVED @ https://static.doubleclick.net/instream/ad_status.js:0
[   88015ms] [ERROR] Failed to load resource: net::ERR_NAME_NOT_RESOLVED @ https://googleads.g.doubleclick.net/pagead/id:0
[   88015ms] [ERROR] Failed to load resource: net::ERR_NAME_NOT_RESOLVED @ https://static.doubleclick.net/instream/ad_status.js:0
[   93591ms] [ERROR] Failed to load resource: net::ERR_NAME_NOT_RESOLVED @ https://static.doubleclick.net/instream/ad_status.js:0
[   93591ms] [ERROR] Failed to load resource: net::ERR_NAME_NOT_RESOLVED @ https://googleads.g.doubleclick.net/pagead/id:0
[   98946ms] [ERROR] Failed to load resource: net::ERR_NAME_NOT_RESOLVED @ https://googleads.g.doubleclick.net/pagead/id:0
[   98946ms] [ERROR] Failed to load resource: net::ERR_NAME_NOT_RESOLVED @ https://static.doubleclick.net/instream/ad_status.js:0
[  104772ms] [ERROR] Failed to load resource: net::ERR_NAME_NOT_RESOLVED @ https://static.doubleclick.net/instream/ad_status.js:0
[  104772ms] [ERROR] Failed to load resource: net::ERR_NAME_NOT_RESOLVED @ https://googleads.g.doubleclick.net/pagead/id:0
[  110139ms] [ERROR] Failed to load resource: net::ERR_NAME_NOT_RESOLVED @ https://static.doubleclick.net/instream/ad_status.js:0
[  110139ms] [ERROR] Failed to load resource: net::ERR_NAME_NOT_RESOLVED @ https://googleads.g.doubleclick.net/pagead/id:0
[  115664ms] [ERROR] Failed to load resource: net::ERR_NAME_NOT_RESOLVED @ https://static.doubleclick.net/instream/ad_status.js:0
[  115664ms] [ERROR] Failed to load resource: net::ERR_NAME_NOT_RESOLVED @ https://googleads.g.doubleclick.net/pagead/id:0
[  121007ms] [ERROR] Failed to load resource: net::ERR_NAME_NOT_RESOLVED @ https://googleads.g.doubleclick.net/pagead/id:0
[  121007ms] [ERROR] Failed to load resource: net::ERR_NAME_NOT_RESOLVED @ https://static.doubleclick.net/instream/ad_status.js:0
[  126370ms] [ERROR] Failed to load resource: net::ERR_NAME_NOT_RESOLVED @ https://googleads.g.doubleclick.net/pagead/id:0
[  126370ms] [ERROR] Failed to load resource: net::ERR_NAME_NOT_RESOLVED @ https://static.doubleclick.net/instream/ad_status.js:0
[  131713ms] [ERROR] Failed to load resource: net::ERR_NAME_NOT_RESOLVED @ https://static.doubleclick.net/instream/ad_status.js:0
[  131714ms] [ERROR] Failed to load resource: net::ERR_NAME_NOT_RESOLVED @ https://googleads.g.doubleclick.net/pagead/id:0
[  137082ms] [ERROR] Failed to load resource: net::ERR_NAME_NOT_RESOLVED @ https://googleads.g.doubleclick.net/pagead/id:0
[  137082ms] [ERROR] Failed to load resource: net::ERR_NAME_NOT_RESOLVED @ https://static.doubleclick.net/instream/ad_status.js:0
[  139042ms] [ERROR] Failed to load resource: net::ERR_NAME_NOT_RESOLVED @ https://googleads.g.doubleclick.net/pagead/id:0
[  139042ms] [ERROR] Failed to load resource: net::ERR_NAME_NOT_RESOLVED @ https://static.doubleclick.net/instream/ad_status.js:0
[  139119ms] [ERROR] Failed to load resource: net::ERR_NAME_NOT_RESOLVED @ https://googleads.g.doubleclick.net/pagead/id:0
[  139119ms] [ERROR] Failed to load resource: net::ERR_NAME_NOT_RESOLVED @ https://static.doubleclick.net/instream/ad_status.js:0
[  139192ms] [ERROR] Failed to load resource: net::ERR_NAME_NOT_RESOLVED @ https://static.doubleclick.net/instream/ad_status.js:0
[  139193ms] [ERROR] Failed to load resource: net::ERR_NAME_NOT_RESOLVED @ https://googleads.g.doubleclick.net/pagead/id:0
[  144468ms] [ERROR] Failed to load resource: net::ERR_NAME_NOT_RESOLVED @ https://googleads.g.doubleclick.net/pagead/id:0
[  144468ms] [ERROR] Failed to load resource: net::ERR_NAME_NOT_RESOLVED @ https://static.doubleclick.net/instream/ad_status.js:0
[  149814ms] [ERROR] Failed to load resource: net::ERR_NAME_NOT_RESOLVED @ https://googleads.g.doubleclick.net/pagead/id:0
[  149814ms] [ERROR] Failed to load resource: net::ERR_NAME_NOT_RESOLVED @ https://static.doubleclick.net/instream/ad_status.js:0
[  155140ms] [ERROR] Failed to load resource: net::ERR_NAME_NOT_RESOLVED @ https://googleads.g.doubleclick.net/pagead/id:0
[  155140ms] [ERROR] Failed to load resource: net::ERR_NAME_NOT_RESOLVED @ https://static.doubleclick.net/instream/ad_status.js:0
[  160469ms] [ERROR] Failed to load resource: net::ERR_NAME_NOT_RESOLVED @ https://static.doubleclick.net/instream/ad_status.js:0
[  160470ms] [ERROR] Failed to load resource: net::ERR_NAME_NOT_RESOLVED @ https://googleads.g.doubleclick.net/pagead/id:0
[  165810ms] [ERROR] Failed to load resource: net::ERR_NAME_NOT_RESOLVED @ https://googleads.g.doubleclick.net/pagead/id:0
[  165810ms] [ERROR] Failed to load resource: net::ERR_NAME_NOT_RESOLVED @ https://static.doubleclick.net/instream/ad_status.js:0
[  171144ms] [ERROR] Failed to load resource: net::ERR_NAME_NOT_RESOLVED @ https://googleads.g.doubleclick.net/pagead/id:0
[  171144ms] [ERROR] Failed to load resource: net::ERR_NAME_NOT_RESOLVED @ https://static.doubleclick.net/instream/ad_status.js:0
[  173723ms] [ERROR] Failed to load resource: net::ERR_NAME_NOT_RESOLVED @ https://googleads.g.doubleclick.net/pagead/id:0
[  173723ms] [ERROR] Failed to load resource: net::ERR_NAME_NOT_RESOLVED @ https://static.doubleclick.net/instream/ad_status.js:0
[  259058ms] [ERROR] Failed to load resource: net::ERR_NAME_NOT_RESOLVED @ https://googleads.g.doubleclick.net/pagead/id:0
[  259206ms] [ERROR] Failed to load resource: net::ERR_NAME_NOT_RESOLVED @ https://googleads.g.doubleclick.net/pagead/id:0
[  293735ms] [ERROR] Failed to load resource: net::ERR_NAME_NOT_RESOLVED @ https://googleads.g.doubleclick.net/pagead/id:0
[  379071ms] [ERROR] Failed to load resource: net::ERR_NAME_NOT_RESOLVED @ https://googleads.g.doubleclick.net/pagead/id:0
[  379213ms] [ERROR] Failed to load resource: net::ERR_NAME_NOT_RESOLVED @ https://googleads.g.doubleclick.net/pagead/id:0
[  413745ms] [ERROR] Failed to load resource: net::ERR_NAME_NOT_RESOLVED @ https://googleads.g.doubleclick.net/pagead/id:0
[ 1025573ms] [ERROR] Failed to load resource: net::ERR_FAILED @ http://127.0.0.1:4000/reader/cmns6wxzx3pvvo44bu9qu41yi?_rsc=1p76k:0
[ 1378508ms] [ERROR] Failed to load resource: net::ERR_FAILED @ http://127.0.0.1:4000/reader/cmns6wxzx3pvvo44bu9qu41yi?_rsc=1p76k:0
[ 4511206ms] [ERROR] Failed to load resource: net::ERR_NAME_NOT_RESOLVED @ https://googleads.g.doubleclick.net/pagead/viewthroughconversion/962985656/?backend=innertube&cname=56&cver=2_20260410&foc_id=5FqCllc0jXW_I7ix5jRIQA&label=followon_view&ptype=no_rmkt&random=607048521&cv_attributed=0:0
[ 4514588ms] [WARNING] Failed to execute 'postMessage' on 'DOMWindow': The target origin provided ('https://www.youtube.com') does not match the recipient window's origin ('http://127.0.0.1:4000'). @ https://www.youtube.com/s/player/8a6e7bc4/www-widgetapi.vflset/www-widgetapi.js:209
[   28974ms] [ERROR] Failed to load resource: net::ERR_NAME_NOT_RESOLVED @ https://googleads.g.doubleclick.net/pagead/id:0
[   28974ms] [ERROR] Failed to load resource: net::ERR_NAME_NOT_RESOLVED @ https://static.doubleclick.net/instream/ad_status.js:0
[   55640ms] [ERROR] Failed to load resource: net::ERR_NAME_NOT_RESOLVED @ https://googleads.g.doubleclick.net/pagead/id:0
[   55640ms] [ERROR] Failed to load resource: net::ERR_NAME_NOT_RESOLVED @ https://static.doubleclick.net/instream/ad_status.js:0
[   55682ms] [ERROR] Failed to load resource: net::ERR_NAME_NOT_RESOLVED @ https://static.doubleclick.net/instream/ad_status.js:0
[   55683ms] [ERROR] Failed to load resource: net::ERR_NAME_NOT_RESOLVED @ https://googleads.g.doubleclick.net/pagead/id:0
[   61060ms] [ERROR] Failed to load resource: net::ERR_NAME_NOT_RESOLVED @ https://googleads.g.doubleclick.net/pagead/id:0
[   61060ms] [ERROR] Failed to load resource: net::ERR_NAME_NOT_RESOLVED @ https://static.doubleclick.net/instream/ad_status.js:0
[   66400ms] [ERROR] Failed to load resource: net::ERR_NAME_NOT_RESOLVED @ https://googleads.g.doubleclick.net/pagead/id:0
[   66400ms] [ERROR] Failed to load resource: net::ERR_NAME_NOT_RESOLVED @ https://static.doubleclick.net/instream/ad_status.js:0
[   71850ms] [ERROR] Failed to load resource: net::ERR_NAME_NOT_RESOLVED @ https://googleads.g.doubleclick.net/pagead/id:0
[   71850ms] [ERROR] Failed to load resource: net::ERR_NAME_NOT_RESOLVED @ https://static.doubleclick.net/instream/ad_status.js:0
[   77308ms] [ERROR] Failed to load resource: net::ERR_NAME_NOT_RESOLVED @ https://static.doubleclick.net/instream/ad_status.js:0
[   77309ms] [ERROR] Failed to load resource: net::ERR_NAME_NOT_RESOLVED @ https://googleads.g.doubleclick.net/pagead/id:0
[   82649ms] [ERROR] Failed to load resource: net::ERR_NAME_NOT_RESOLVED @ https://googleads.g.doubleclick.net/pagead/id:0
[   82650ms] [ERROR] Failed to load resource: net::ERR_NAME_NOT_RESOLVED @ https://static.doubleclick.net/instream/ad_status.js:0
[   88015ms] [ERROR] Failed to load resource: net::ERR_NAME_NOT_RESOLVED @ https://googleads.g.doubleclick.net/pagead/id:0
[   88015ms] [ERROR] Failed to load resource: net::ERR_NAME_NOT_RESOLVED @ https://static.doubleclick.net/instream/ad_status.js:0
[   93591ms] [ERROR] Failed to load resource: net::ERR_NAME_NOT_RESOLVED @ https://static.doubleclick.net/instream/ad_status.js:0
[   93591ms] [ERROR] Failed to load resource: net::ERR_NAME_NOT_RESOLVED @ https://googleads.g.doubleclick.net/pagead/id:0
[   98946ms] [ERROR] Failed to load resource: net::ERR_NAME_NOT_RESOLVED @ https://googleads.g.doubleclick.net/pagead/id:0
[   98946ms] [ERROR] Failed to load resource: net::ERR_NAME_NOT_RESOLVED @ https://static.doubleclick.net/instream/ad_status.js:0
[  104772ms] [ERROR] Failed to load resource: net::ERR_NAME_NOT_RESOLVED @ https://static.doubleclick.net/instream/ad_status.js:0
[  104772ms] [ERROR] Failed to load resource: net::ERR_NAME_NOT_RESOLVED @ https://googleads.g.doubleclick.net/pagead/id:0
[  110139ms] [ERROR] Failed to load resource: net::ERR_NAME_NOT_RESOLVED @ https://static.doubleclick.net/instream/ad_status.js:0
[  110139ms] [ERROR] Failed to load resource: net::ERR_NAME_NOT_RESOLVED @ https://googleads.g.doubleclick.net/pagead/id:0
[  115664ms] [ERROR] Failed to load resource: net::ERR_NAME_NOT_RESOLVED @ https://static.doubleclick.net/instream/ad_status.js:0
[  115664ms] [ERROR] Failed to load resource: net::ERR_NAME_NOT_RESOLVED @ https://googleads.g.doubleclick.net/pagead/id:0
[  121007ms] [ERROR] Failed to load resource: net::ERR_NAME_NOT_RESOLVED @ https://googleads.g.doubleclick.net/pagead/id:0
[  121007ms] [ERROR] Failed to load resource: net::ERR_NAME_NOT_RESOLVED @ https://static.doubleclick.net/instream/ad_status.js:0
[  126370ms] [ERROR] Failed to load resource: net::ERR_NAME_NOT_RESOLVED @ https://googleads.g.doubleclick.net/pagead/id:0
[  126370ms] [ERROR] Failed to load resource: net::ERR_NAME_NOT_RESOLVED @ https://static.doubleclick.net/instream/ad_status.js:0
[  131713ms] [ERROR] Failed to load resource: net::ERR_NAME_NOT_RESOLVED @ https://static.doubleclick.net/instream/ad_status.js:0
[  131714ms] [ERROR] Failed to load resource: net::ERR_NAME_NOT_RESOLVED @ https://googleads.g.doubleclick.net/pagead/id:0
[  137082ms] [ERROR] Failed to load resource: net::ERR_NAME_NOT_RESOLVED @ https://googleads.g.doubleclick.net/pagead/id:0
[  137082ms] [ERROR] Failed to load resource: net::ERR_NAME_NOT_RESOLVED @ https://static.doubleclick.net/instream/ad_status.js:0
[  139042ms] [ERROR] Failed to load resource: net::ERR_NAME_NOT_RESOLVED @ https://googleads.g.doubleclick.net/pagead/id:0
[  139042ms] [ERROR] Failed to load resource: net::ERR_NAME_NOT_RESOLVED @ https://static.doubleclick.net/instream/ad_status.js:0
[  139119ms] [ERROR] Failed to load resource: net::ERR_NAME_NOT_RESOLVED @ https://googleads.g.doubleclick.net/pagead/id:0
[  139119ms] [ERROR] Failed to load resource: net::ERR_NAME_NOT_RESOLVED @ https://static.doubleclick.net/instream/ad_status.js:0
[  139192ms] [ERROR] Failed to load resource: net::ERR_NAME_NOT_RESOLVED @ https://static.doubleclick.net/instream/ad_status.js:0
[  139193ms] [ERROR] Failed to load resource: net::ERR_NAME_NOT_RESOLVED @ https://googleads.g.doubleclick.net/pagead/id:0
[  144468ms] [ERROR] Failed to load resource: net::ERR_NAME_NOT_RESOLVED @ https://googleads.g.doubleclick.net/pagead/id:0
[  144468ms] [ERROR] Failed to load resource: net::ERR_NAME_NOT_RESOLVED @ https://static.doubleclick.net/instream/ad_status.js:0
[  149814ms] [ERROR] Failed to load resource: net::ERR_NAME_NOT_RESOLVED @ https://googleads.g.doubleclick.net/pagead/id:0
[  149814ms] [ERROR] Failed to load resource: net::ERR_NAME_NOT_RESOLVED @ https://static.doubleclick.net/instream/ad_status.js:0
[  155140ms] [ERROR] Failed to load resource: net::ERR_NAME_NOT_RESOLVED @ https://googleads.g.doubleclick.net/pagead/id:0
[  155140ms] [ERROR] Failed to load resource: net::ERR_NAME_NOT_RESOLVED @ https://static.doubleclick.net/instream/ad_status.js:0
[  160469ms] [ERROR] Failed to load resource: net::ERR_NAME_NOT_RESOLVED @ https://static.doubleclick.net/instream/ad_status.js:0
[  160470ms] [ERROR] Failed to load resource: net::ERR_NAME_NOT_RESOLVED @ https://googleads.g.doubleclick.net/pagead/id:0
[  165810ms] [ERROR] Failed to load resource: net::ERR_NAME_NOT_RESOLVED @ https://googleads.g.doubleclick.net/pagead/id:0
[  165810ms] [ERROR] Failed to load resource: net::ERR_NAME_NOT_RESOLVED @ https://static.doubleclick.net/instream/ad_status.js:0
[  171144ms] [ERROR] Failed to load resource: net::ERR_NAME_NOT_RESOLVED @ https://googleads.g.doubleclick.net/pagead/id:0
[  171144ms] [ERROR] Failed to load resource: net::ERR_NAME_NOT_RESOLVED @ https://static.doubleclick.net/instream/ad_status.js:0
[  173723ms] [ERROR] Failed to load resource: net::ERR_NAME_NOT_RESOLVED @ https://googleads.g.doubleclick.net/pagead/id:0
[  173723ms] [ERROR] Failed to load resource: net::ERR_NAME_NOT_RESOLVED @ https://static.doubleclick.net/instream/ad_status.js:0
[  259058ms] [ERROR] Failed to load resource: net::ERR_NAME_NOT_RESOLVED @ https://googleads.g.doubleclick.net/pagead/id:0
[  259206ms] [ERROR] Failed to load resource: net::ERR_NAME_NOT_RESOLVED @ https://googleads.g.doubleclick.net/pagead/id:0
[  293735ms] [ERROR] Failed to load resource: net::ERR_NAME_NOT_RESOLVED @ https://googleads.g.doubleclick.net/pagead/id:0
[  379071ms] [ERROR] Failed to load resource: net::ERR_NAME_NOT_RESOLVED @ https://googleads.g.doubleclick.net/pagead/id:0
[  379213ms] [ERROR] Failed to load resource: net::ERR_NAME_NOT_RESOLVED @ https://googleads.g.doubleclick.net/pagead/id:0
[  413745ms] [ERROR] Failed to load resource: net::ERR_NAME_NOT_RESOLVED @ https://googleads.g.doubleclick.net/pagead/id:0
[ 4511206ms] [ERROR] Failed to load resource: net::ERR_NAME_NOT_RESOLVED @ https://googleads.g.doubleclick.net/pagead/viewthroughconversion/962985656/?backend=innertube&cname=56&cver=2_20260410&foc_id=5FqCllc0jXW_I7ix5jRIQA&label=followon_view&ptype=no_rmkt&random=607048521&cv_attributed=0:0
[ 4514811ms] [ERROR] Failed to load resource: net::ERR_NAME_NOT_RESOLVED @ https://googleads.g.doubleclick.net/pagead/id:0
[ 4514850ms] [ERROR] Failed to load resource: net::ERR_NAME_NOT_RESOLVED @ https://static.doubleclick.net/instream/ad_status.js:0
[   28974ms] [ERROR] Failed to load resource: net::ERR_NAME_NOT_RESOLVED @ https://googleads.g.doubleclick.net/pagead/id:0
[   28974ms] [ERROR] Failed to load resource: net::ERR_NAME_NOT_RESOLVED @ https://static.doubleclick.net/instream/ad_status.js:0
[   55640ms] [ERROR] Failed to load resource: net::ERR_NAME_NOT_RESOLVED @ https://googleads.g.doubleclick.net/pagead/id:0
[   55640ms] [ERROR] Failed to load resource: net::ERR_NAME_NOT_RESOLVED @ https://static.doubleclick.net/instream/ad_status.js:0
[   55682ms] [ERROR] Failed to load resource: net::ERR_NAME_NOT_RESOLVED @ https://static.doubleclick.net/instream/ad_status.js:0
[   55683ms] [ERROR] Failed to load resource: net::ERR_NAME_NOT_RESOLVED @ https://googleads.g.doubleclick.net/pagead/id:0
[   61060ms] [ERROR] Failed to load resource: net::ERR_NAME_NOT_RESOLVED @ https://googleads.g.doubleclick.net/pagead/id:0
[   61060ms] [ERROR] Failed to load resource: net::ERR_NAME_NOT_RESOLVED @ https://static.doubleclick.net/instream/ad_status.js:0
[   66400ms] [ERROR] Failed to load resource: net::ERR_NAME_NOT_RESOLVED @ https://googleads.g.doubleclick.net/pagead/id:0
[   66400ms] [ERROR] Failed to load resource: net::ERR_NAME_NOT_RESOLVED @ https://static.doubleclick.net/instream/ad_status.js:0
[   71850ms] [ERROR] Failed to load resource: net::ERR_NAME_NOT_RESOLVED @ https://googleads.g.doubleclick.net/pagead/id:0
[   71850ms] [ERROR] Failed to load resource: net::ERR_NAME_NOT_RESOLVED @ https://static.doubleclick.net/instream/ad_status.js:0
[   77308ms] [ERROR] Failed to load resource: net::ERR_NAME_NOT_RESOLVED @ https://static.doubleclick.net/instream/ad_status.js:0
[   77309ms] [ERROR] Failed to load resource: net::ERR_NAME_NOT_RESOLVED @ https://googleads.g.doubleclick.net/pagead/id:0
[   82649ms] [ERROR] Failed to load resource: net::ERR_NAME_NOT_RESOLVED @ https://googleads.g.doubleclick.net/pagead/id:0
[   82650ms] [ERROR] Failed to load resource: net::ERR_NAME_NOT_RESOLVED @ https://static.doubleclick.net/instream/ad_status.js:0
[   88015ms] [ERROR] Failed to load resource: net::ERR_NAME_NOT_RESOLVED @ https://googleads.g.doubleclick.net/pagead/id:0
[   88015ms] [ERROR] Failed to load resource: net::ERR_NAME_NOT_RESOLVED @ https://static.doubleclick.net/instream/ad_status.js:0
[   93591ms] [ERROR] Failed to load resource: net::ERR_NAME_NOT_RESOLVED @ https://static.doubleclick.net/instream/ad_status.js:0
[   93591ms] [ERROR] Failed to load resource: net::ERR_NAME_NOT_RESOLVED @ https://googleads.g.doubleclick.net/pagead/id:0
[   98946ms] [ERROR] Failed to load resource: net::ERR_NAME_NOT_RESOLVED @ https://googleads.g.doubleclick.net/pagead/id:0
[   98946ms] [ERROR] Failed to load resource: net::ERR_NAME_NOT_RESOLVED @ https://static.doubleclick.net/instream/ad_status.js:0
[  104772ms] [ERROR] Failed to load resource: net::ERR_NAME_NOT_RESOLVED @ https://static.doubleclick.net/instream/ad_status.js:0
[  104772ms] [ERROR] Failed to load resource: net::ERR_NAME_NOT_RESOLVED @ https://googleads.g.doubleclick.net/pagead/id:0
[  110139ms] [ERROR] Failed to load resource: net::ERR_NAME_NOT_RESOLVED @ https://static.doubleclick.net/instream/ad_status.js:0
[  110139ms] [ERROR] Failed to load resource: net::ERR_NAME_NOT_RESOLVED @ https://googleads.g.doubleclick.net/pagead/id:0
[  115664ms] [ERROR] Failed to load resource: net::ERR_NAME_NOT_RESOLVED @ https://static.doubleclick.net/instream/ad_status.js:0
[  115664ms] [ERROR] Failed to load resource: net::ERR_NAME_NOT_RESOLVED @ https://googleads.g.doubleclick.net/pagead/id:0
[  121007ms] [ERROR] Failed to load resource: net::ERR_NAME_NOT_RESOLVED @ https://googleads.g.doubleclick.net/pagead/id:0
[  121007ms] [ERROR] Failed to load resource: net::ERR_NAME_NOT_RESOLVED @ https://static.doubleclick.net/instream/ad_status.js:0
[  126370ms] [ERROR] Failed to load resource: net::ERR_NAME_NOT_RESOLVED @ https://googleads.g.doubleclick.net/pagead/id:0
[  126370ms] [ERROR] Failed to load resource: net::ERR_NAME_NOT_RESOLVED @ https://static.doubleclick.net/instream/ad_status.js:0
[  131713ms] [ERROR] Failed to load resource: net::ERR_NAME_NOT_RESOLVED @ https://static.doubleclick.net/instream/ad_status.js:0
[  131714ms] [ERROR] Failed to load resource: net::ERR_NAME_NOT_RESOLVED @ https://googleads.g.doubleclick.net/pagead/id:0
[  137082ms] [ERROR] Failed to load resource: net::ERR_NAME_NOT_RESOLVED @ https://googleads.g.doubleclick.net/pagead/id:0
[  137082ms] [ERROR] Failed to load resource: net::ERR_NAME_NOT_RESOLVED @ https://static.doubleclick.net/instream/ad_status.js:0
[  139042ms] [ERROR] Failed to load resource: net::ERR_NAME_NOT_RESOLVED @ https://googleads.g.doubleclick.net/pagead/id:0
[  139042ms] [ERROR] Failed to load resource: net::ERR_NAME_NOT_RESOLVED @ https://static.doubleclick.net/instream/ad_status.js:0
[  139119ms] [ERROR] Failed to load resource: net::ERR_NAME_NOT_RESOLVED @ https://googleads.g.doubleclick.net/pagead/id:0
[  139119ms] [ERROR] Failed to load resource: net::ERR_NAME_NOT_RESOLVED @ https://static.doubleclick.net/instream/ad_status.js:0
[  139192ms] [ERROR] Failed to load resource: net::ERR_NAME_NOT_RESOLVED @ https://static.doubleclick.net/instream/ad_status.js:0
[  139193ms] [ERROR] Failed to load resource: net::ERR_NAME_NOT_RESOLVED @ https://googleads.g.doubleclick.net/pagead/id:0
[  144468ms] [ERROR] Failed to load resource: net::ERR_NAME_NOT_RESOLVED @ https://googleads.g.doubleclick.net/pagead/id:0
[  144468ms] [ERROR] Failed to load resource: net::ERR_NAME_NOT_RESOLVED @ https://static.doubleclick.net/instream/ad_status.js:0
[  149814ms] [ERROR] Failed to load resource: net::ERR_NAME_NOT_RESOLVED @ https://googleads.g.doubleclick.net/pagead/id:0
[  149814ms] [ERROR] Failed to load resource: net::ERR_NAME_NOT_RESOLVED @ https://static.doubleclick.net/instream/ad_status.js:0
[  155140ms] [ERROR] Failed to load resource: net::ERR_NAME_NOT_RESOLVED @ https://googleads.g.doubleclick.net/pagead/id:0
[  155140ms] [ERROR] Failed to load resource: net::ERR_NAME_NOT_RESOLVED @ https://static.doubleclick.net/instream/ad_status.js:0
[  160469ms] [ERROR] Failed to load resource: net::ERR_NAME_NOT_RESOLVED @ https://static.doubleclick.net/instream/ad_status.js:0
[  160470ms] [ERROR] Failed to load resource: net::ERR_NAME_NOT_RESOLVED @ https://googleads.g.doubleclick.net/pagead/id:0
[  165810ms] [ERROR] Failed to load resource: net::ERR_NAME_NOT_RESOLVED @ https://googleads.g.doubleclick.net/pagead/id:0
[  165810ms] [ERROR] Failed to load resource: net::ERR_NAME_NOT_RESOLVED @ https://static.doubleclick.net/instream/ad_status.js:0
[  171144ms] [ERROR] Failed to load resource: net::ERR_NAME_NOT_RESOLVED @ https://googleads.g.doubleclick.net/pagead/id:0
[  171144ms] [ERROR] Failed to load resource: net::ERR_NAME_NOT_RESOLVED @ https://static.doubleclick.net/instream/ad_status.js:0
[  173723ms] [ERROR] Failed to load resource: net::ERR_NAME_NOT_RESOLVED @ https://googleads.g.doubleclick.net/pagead/id:0
[  173723ms] [ERROR] Failed to load resource: net::ERR_NAME_NOT_RESOLVED @ https://static.doubleclick.net/instream/ad_status.js:0
[  259058ms] [ERROR] Failed to load resource: net::ERR_NAME_NOT_RESOLVED @ https://googleads.g.doubleclick.net/pagead/id:0
[  259206ms] [ERROR] Failed to load resource: net::ERR_NAME_NOT_RESOLVED @ https://googleads.g.doubleclick.net/pagead/id:0
[  293735ms] [ERROR] Failed to load resource: net::ERR_NAME_NOT_RESOLVED @ https://googleads.g.doubleclick.net/pagead/id:0
[  379071ms] [ERROR] Failed to load resource: net::ERR_NAME_NOT_RESOLVED @ https://googleads.g.doubleclick.net/pagead/id:0
[  379213ms] [ERROR] Failed to load resource: net::ERR_NAME_NOT_RESOLVED @ https://googleads.g.doubleclick.net/pagead/id:0
[  413745ms] [ERROR] Failed to load resource: net::ERR_NAME_NOT_RESOLVED @ https://googleads.g.doubleclick.net/pagead/id:0
[ 4511206ms] [ERROR] Failed to load resource: net::ERR_NAME_NOT_RESOLVED @ https://googleads.g.doubleclick.net/pagead/viewthroughconversion/962985656/?backend=innertube&cname=56&cver=2_20260410&foc_id=5FqCllc0jXW_I7ix5jRIQA&label=followon_view&ptype=no_rmkt&random=607048521&cv_attributed=0:0
[ 4514811ms] [ERROR] Failed to load resource: net::ERR_NAME_NOT_RESOLVED @ https://googleads.g.doubleclick.net/pagead/id:0
[ 4514850ms] [ERROR] Failed to load resource: net::ERR_NAME_NOT_RESOLVED @ https://static.doubleclick.net/instream/ad_status.js:0
[ 4515973ms] [ERROR] Failed to load resource: net::ERR_NAME_NOT_RESOLVED @ https://static.doubleclick.net/instream/ad_status.js:0
[ 4515973ms] [ERROR] Failed to load resource: net::ERR_NAME_NOT_RESOLVED @ https://googleads.g.doubleclick.net/pagead/id:0
[ 4517003ms] [WARNING] Failed to execute 'postMessage' on 'DOMWindow': The target origin provided ('https://www.youtube.com') does not match the recipient window's origin ('http://127.0.0.1:4000'). @ https://www.youtube.com/s/player/8a6e7bc4/www-widgetapi.vflset/www-widgetapi.js:209
[   28974ms] [ERROR] Failed to load resource: net::ERR_NAME_NOT_RESOLVED @ https://googleads.g.doubleclick.net/pagead/id:0
[   28974ms] [ERROR] Failed to load resource: net::ERR_NAME_NOT_RESOLVED @ https://static.doubleclick.net/instream/ad_status.js:0
[   55640ms] [ERROR] Failed to load resource: net::ERR_NAME_NOT_RESOLVED @ https://googleads.g.doubleclick.net/pagead/id:0
[   55640ms] [ERROR] Failed to load resource: net::ERR_NAME_NOT_RESOLVED @ https://static.doubleclick.net/instream/ad_status.js:0
[   55682ms] [ERROR] Failed to load resource: net::ERR_NAME_NOT_RESOLVED @ https://static.doubleclick.net/instream/ad_status.js:0
[   55683ms] [ERROR] Failed to load resource: net::ERR_NAME_NOT_RESOLVED @ https://googleads.g.doubleclick.net/pagead/id:0
[   61060ms] [ERROR] Failed to load resource: net::ERR_NAME_NOT_RESOLVED @ https://googleads.g.doubleclick.net/pagead/id:0
[   61060ms] [ERROR] Failed to load resource: net::ERR_NAME_NOT_RESOLVED @ https://static.doubleclick.net/instream/ad_status.js:0
[   66400ms] [ERROR] Failed to load resource: net::ERR_NAME_NOT_RESOLVED @ https://googleads.g.doubleclick.net/pagead/id:0
[   66400ms] [ERROR] Failed to load resource: net::ERR_NAME_NOT_RESOLVED @ https://static.doubleclick.net/instream/ad_status.js:0
[   71850ms] [ERROR] Failed to load resource: net::ERR_NAME_NOT_RESOLVED @ https://googleads.g.doubleclick.net/pagead/id:0
[   71850ms] [ERROR] Failed to load resource: net::ERR_NAME_NOT_RESOLVED @ https://static.doubleclick.net/instream/ad_status.js:0
[   77308ms] [ERROR] Failed to load resource: net::ERR_NAME_NOT_RESOLVED @ https://static.doubleclick.net/instream/ad_status.js:0
[   77309ms] [ERROR] Failed to load resource: net::ERR_NAME_NOT_RESOLVED @ https://googleads.g.doubleclick.net/pagead/id:0
[   82649ms] [ERROR] Failed to load resource: net::ERR_NAME_NOT_RESOLVED @ https://googleads.g.doubleclick.net/pagead/id:0
[   82650ms] [ERROR] Failed to load resource: net::ERR_NAME_NOT_RESOLVED @ https://static.doubleclick.net/instream/ad_status.js:0
[   88015ms] [ERROR] Failed to load resource: net::ERR_NAME_NOT_RESOLVED @ https://googleads.g.doubleclick.net/pagead/id:0
[   88015ms] [ERROR] Failed to load resource: net::ERR_NAME_NOT_RESOLVED @ https://static.doubleclick.net/instream/ad_status.js:0
[   93591ms] [ERROR] Failed to load resource: net::ERR_NAME_NOT_RESOLVED @ https://static.doubleclick.net/instream/ad_status.js:0
[   93591ms] [ERROR] Failed to load resource: net::ERR_NAME_NOT_RESOLVED @ https://googleads.g.doubleclick.net/pagead/id:0
[   98946ms] [ERROR] Failed to load resource: net::ERR_NAME_NOT_RESOLVED @ https://googleads.g.doubleclick.net/pagead/id:0
[   98946ms] [ERROR] Failed to load resource: net::ERR_NAME_NOT_RESOLVED @ https://static.doubleclick.net/instream/ad_status.js:0
[  104772ms] [ERROR] Failed to load resource: net::ERR_NAME_NOT_RESOLVED @ https://static.doubleclick.net/instream/ad_status.js:0
[  104772ms] [ERROR] Failed to load resource: net::ERR_NAME_NOT_RESOLVED @ https://googleads.g.doubleclick.net/pagead/id:0
[  110139ms] [ERROR] Failed to load resource: net::ERR_NAME_NOT_RESOLVED @ https://static.doubleclick.net/instream/ad_status.js:0
[  110139ms] [ERROR] Failed to load resource: net::ERR_NAME_NOT_RESOLVED @ https://googleads.g.doubleclick.net/pagead/id:0
[  115664ms] [ERROR] Failed to load resource: net::ERR_NAME_NOT_RESOLVED @ https://static.doubleclick.net/instream/ad_status.js:0
[  115664ms] [ERROR] Failed to load resource: net::ERR_NAME_NOT_RESOLVED @ https://googleads.g.doubleclick.net/pagead/id:0
[  121007ms] [ERROR] Failed to load resource: net::ERR_NAME_NOT_RESOLVED @ https://googleads.g.doubleclick.net/pagead/id:0
[  121007ms] [ERROR] Failed to load resource: net::ERR_NAME_NOT_RESOLVED @ https://static.doubleclick.net/instream/ad_status.js:0
[  126370ms] [ERROR] Failed to load resource: net::ERR_NAME_NOT_RESOLVED @ https://googleads.g.doubleclick.net/pagead/id:0
[  126370ms] [ERROR] Failed to load resource: net::ERR_NAME_NOT_RESOLVED @ https://static.doubleclick.net/instream/ad_status.js:0
[  131713ms] [ERROR] Failed to load resource: net::ERR_NAME_NOT_RESOLVED @ https://static.doubleclick.net/instream/ad_status.js:0
[  131714ms] [ERROR] Failed to load resource: net::ERR_NAME_NOT_RESOLVED @ https://googleads.g.doubleclick.net/pagead/id:0
[  137082ms] [ERROR] Failed to load resource: net::ERR_NAME_NOT_RESOLVED @ https://googleads.g.doubleclick.net/pagead/id:0
[  137082ms] [ERROR] Failed to load resource: net::ERR_NAME_NOT_RESOLVED @ https://static.doubleclick.net/instream/ad_status.js:0
[  139042ms] [ERROR] Failed to load resource: net::ERR_NAME_NOT_RESOLVED @ https://googleads.g.doubleclick.net/pagead/id:0
[  139042ms] [ERROR] Failed to load resource: net::ERR_NAME_NOT_RESOLVED @ https://static.doubleclick.net/instream/ad_status.js:0
[  139119ms] [ERROR] Failed to load resource: net::ERR_NAME_NOT_RESOLVED @ https://googleads.g.doubleclick.net/pagead/id:0
[  139119ms] [ERROR] Failed to load resource: net::ERR_NAME_NOT_RESOLVED @ https://static.doubleclick.net/instream/ad_status.js:0
[  139192ms] [ERROR] Failed to load resource: net::ERR_NAME_NOT_RESOLVED @ https://static.doubleclick.net/instream/ad_status.js:0
[  139193ms] [ERROR] Failed to load resource: net::ERR_NAME_NOT_RESOLVED @ https://googleads.g.doubleclick.net/pagead/id:0
[  144468ms] [ERROR] Failed to load resource: net::ERR_NAME_NOT_RESOLVED @ https://googleads.g.doubleclick.net/pagead/id:0
[  144468ms] [ERROR] Failed to load resource: net::ERR_NAME_NOT_RESOLVED @ https://static.doubleclick.net/instream/ad_status.js:0
[  149814ms] [ERROR] Failed to load resource: net::ERR_NAME_NOT_RESOLVED @ https://googleads.g.doubleclick.net/pagead/id:0
[  149814ms] [ERROR] Failed to load resource: net::ERR_NAME_NOT_RESOLVED @ https://static.doubleclick.net/instream/ad_status.js:0
[  155140ms] [ERROR] Failed to load resource: net::ERR_NAME_NOT_RESOLVED @ https://googleads.g.doubleclick.net/pagead/id:0
[  155140ms] [ERROR] Failed to load resource: net::ERR_NAME_NOT_RESOLVED @ https://static.doubleclick.net/instream/ad_status.js:0
[  160469ms] [ERROR] Failed to load resource: net::ERR_NAME_NOT_RESOLVED @ https://static.doubleclick.net/instream/ad_status.js:0
[  160470ms] [ERROR] Failed to load resource: net::ERR_NAME_NOT_RESOLVED @ https://googleads.g.doubleclick.net/pagead/id:0
[  165810ms] [ERROR] Failed to load resource: net::ERR_NAME_NOT_RESOLVED @ https://googleads.g.doubleclick.net/pagead/id:0
[  165810ms] [ERROR] Failed to load resource: net::ERR_NAME_NOT_RESOLVED @ https://static.doubleclick.net/instream/ad_status.js:0
[  171144ms] [ERROR] Failed to load resource: net::ERR_NAME_NOT_RESOLVED @ https://googleads.g.doubleclick.net/pagead/id:0
[  171144ms] [ERROR] Failed to load resource: net::ERR_NAME_NOT_RESOLVED @ https://static.doubleclick.net/instream/ad_status.js:0
[  173723ms] [ERROR] Failed to load resource: net::ERR_NAME_NOT_RESOLVED @ https://googleads.g.doubleclick.net/pagead/id:0
[  173723ms] [ERROR] Failed to load resource: net::ERR_NAME_NOT_RESOLVED @ https://static.doubleclick.net/instream/ad_status.js:0
[  259058ms] [ERROR] Failed to load resource: net::ERR_NAME_NOT_RESOLVED @ https://googleads.g.doubleclick.net/pagead/id:0
[  259206ms] [ERROR] Failed to load resource: net::ERR_NAME_NOT_RESOLVED @ https://googleads.g.doubleclick.net/pagead/id:0
[  293735ms] [ERROR] Failed to load resource: net::ERR_NAME_NOT_RESOLVED @ https://googleads.g.doubleclick.net/pagead/id:0
[  379071ms] [ERROR] Failed to load resource: net::ERR_NAME_NOT_RESOLVED @ https://googleads.g.doubleclick.net/pagead/id:0
[  379213ms] [ERROR] Failed to load resource: net::ERR_NAME_NOT_RESOLVED @ https://googleads.g.doubleclick.net/pagead/id:0
[  413745ms] [ERROR] Failed to load resource: net::ERR_NAME_NOT_RESOLVED @ https://googleads.g.doubleclick.net/pagead/id:0
[ 4511206ms] [ERROR] Failed to load resource: net::ERR_NAME_NOT_RESOLVED @ https://googleads.g.doubleclick.net/pagead/viewthroughconversion/962985656/?backend=innertube&cname=56&cver=2_20260410&foc_id=5FqCllc0jXW_I7ix5jRIQA&label=followon_view&ptype=no_rmkt&random=607048521&cv_attributed=0:0
[ 4514811ms] [ERROR] Failed to load resource: net::ERR_NAME_NOT_RESOLVED @ https://googleads.g.doubleclick.net/pagead/id:0
[ 4514850ms] [ERROR] Failed to load resource: net::ERR_NAME_NOT_RESOLVED @ https://static.doubleclick.net/instream/ad_status.js:0
[ 4515973ms] [ERROR] Failed to load resource: net::ERR_NAME_NOT_RESOLVED @ https://static.doubleclick.net/instream/ad_status.js:0
[ 4515973ms] [ERROR] Failed to load resource: net::ERR_NAME_NOT_RESOLVED @ https://googleads.g.doubleclick.net/pagead/id:0
[ 4517305ms] [ERROR] Failed to load resource: net::ERR_NAME_NOT_RESOLVED @ https://static.doubleclick.net/instream/ad_status.js:0
[ 4517306ms] [ERROR] Failed to load resource: net::ERR_NAME_NOT_RESOLVED @ https://googleads.g.doubleclick.net/pagead/id:0
[ 4522579ms] [WARNING] Failed to execute 'postMessage' on 'DOMWindow': The target origin provided ('https://www.youtube.com') does not match the recipient window's origin ('http://127.0.0.1:4000'). @ https://www.youtube.com/s/player/8a6e7bc4/www-widgetapi.vflset/www-widgetapi.js:209
[   28974ms] [ERROR] Failed to load resource: net::ERR_NAME_NOT_RESOLVED @ https://googleads.g.doubleclick.net/pagead/id:0
[   28974ms] [ERROR] Failed to load resource: net::ERR_NAME_NOT_RESOLVED @ https://static.doubleclick.net/instream/ad_status.js:0
[   55640ms] [ERROR] Failed to load resource: net::ERR_NAME_NOT_RESOLVED @ https://googleads.g.doubleclick.net/pagead/id:0
[   55640ms] [ERROR] Failed to load resource: net::ERR_NAME_NOT_RESOLVED @ https://static.doubleclick.net/instream/ad_status.js:0
[   55682ms] [ERROR] Failed to load resource: net::ERR_NAME_NOT_RESOLVED @ https://static.doubleclick.net/instream/ad_status.js:0
[   55683ms] [ERROR] Failed to load resource: net::ERR_NAME_NOT_RESOLVED @ https://googleads.g.doubleclick.net/pagead/id:0
[   61060ms] [ERROR] Failed to load resource: net::ERR_NAME_NOT_RESOLVED @ https://googleads.g.doubleclick.net/pagead/id:0
[   61060ms] [ERROR] Failed to load resource: net::ERR_NAME_NOT_RESOLVED @ https://static.doubleclick.net/instream/ad_status.js:0
[   66400ms] [ERROR] Failed to load resource: net::ERR_NAME_NOT_RESOLVED @ https://googleads.g.doubleclick.net/pagead/id:0
[   66400ms] [ERROR] Failed to load resource: net::ERR_NAME_NOT_RESOLVED @ https://static.doubleclick.net/instream/ad_status.js:0
[   71850ms] [ERROR] Failed to load resource: net::ERR_NAME_NOT_RESOLVED @ https://googleads.g.doubleclick.net/pagead/id:0
[   71850ms] [ERROR] Failed to load resource: net::ERR_NAME_NOT_RESOLVED @ https://static.doubleclick.net/instream/ad_status.js:0
[   77308ms] [ERROR] Failed to load resource: net::ERR_NAME_NOT_RESOLVED @ https://static.doubleclick.net/instream/ad_status.js:0
[   77309ms] [ERROR] Failed to load resource: net::ERR_NAME_NOT_RESOLVED @ https://googleads.g.doubleclick.net/pagead/id:0
[   82649ms] [ERROR] Failed to load resource: net::ERR_NAME_NOT_RESOLVED @ https://googleads.g.doubleclick.net/pagead/id:0
[   82650ms] [ERROR] Failed to load resource: net::ERR_NAME_NOT_RESOLVED @ https://static.doubleclick.net/instream/ad_status.js:0
[   88015ms] [ERROR] Failed to load resource: net::ERR_NAME_NOT_RESOLVED @ https://googleads.g.doubleclick.net/pagead/id:0
[   88015ms] [ERROR] Failed to load resource: net::ERR_NAME_NOT_RESOLVED @ https://static.doubleclick.net/instream/ad_status.js:0
[   93591ms] [ERROR] Failed to load resource: net::ERR_NAME_NOT_RESOLVED @ https://static.doubleclick.net/instream/ad_status.js:0
[   93591ms] [ERROR] Failed to load resource: net::ERR_NAME_NOT_RESOLVED @ https://googleads.g.doubleclick.net/pagead/id:0
[   98946ms] [ERROR] Failed to load resource: net::ERR_NAME_NOT_RESOLVED @ https://googleads.g.doubleclick.net/pagead/id:0
[   98946ms] [ERROR] Failed to load resource: net::ERR_NAME_NOT_RESOLVED @ https://static.doubleclick.net/instream/ad_status.js:0
[  104772ms] [ERROR] Failed to load resource: net::ERR_NAME_NOT_RESOLVED @ https://static.doubleclick.net/instream/ad_status.js:0
[  104772ms] [ERROR] Failed to load resource: net::ERR_NAME_NOT_RESOLVED @ https://googleads.g.doubleclick.net/pagead/id:0
[  110139ms] [ERROR] Failed to load resource: net::ERR_NAME_NOT_RESOLVED @ https://static.doubleclick.net/instream/ad_status.js:0
[  110139ms] [ERROR] Failed to load resource: net::ERR_NAME_NOT_RESOLVED @ https://googleads.g.doubleclick.net/pagead/id:0
[  115664ms] [ERROR] Failed to load resource: net::ERR_NAME_NOT_RESOLVED @ https://static.doubleclick.net/instream/ad_status.js:0
[  115664ms] [ERROR] Failed to load resource: net::ERR_NAME_NOT_RESOLVED @ https://googleads.g.doubleclick.net/pagead/id:0
[  121007ms] [ERROR] Failed to load resource: net::ERR_NAME_NOT_RESOLVED @ https://googleads.g.doubleclick.net/pagead/id:0
[  121007ms] [ERROR] Failed to load resource: net::ERR_NAME_NOT_RESOLVED @ https://static.doubleclick.net/instream/ad_status.js:0
[  126370ms] [ERROR] Failed to load resource: net::ERR_NAME_NOT_RESOLVED @ https://googleads.g.doubleclick.net/pagead/id:0
[  126370ms] [ERROR] Failed to load resource: net::ERR_NAME_NOT_RESOLVED @ https://static.doubleclick.net/instream/ad_status.js:0
[  131713ms] [ERROR] Failed to load resource: net::ERR_NAME_NOT_RESOLVED @ https://static.doubleclick.net/instream/ad_status.js:0
[  131714ms] [ERROR] Failed to load resource: net::ERR_NAME_NOT_RESOLVED @ https://googleads.g.doubleclick.net/pagead/id:0
[  137082ms] [ERROR] Failed to load resource: net::ERR_NAME_NOT_RESOLVED @ https://googleads.g.doubleclick.net/pagead/id:0
[  137082ms] [ERROR] Failed to load resource: net::ERR_NAME_NOT_RESOLVED @ https://static.doubleclick.net/instream/ad_status.js:0
[  139042ms] [ERROR] Failed to load resource: net::ERR_NAME_NOT_RESOLVED @ https://googleads.g.doubleclick.net/pagead/id:0
[  139042ms] [ERROR] Failed to load resource: net::ERR_NAME_NOT_RESOLVED @ https://static.doubleclick.net/instream/ad_status.js:0
[  139119ms] [ERROR] Failed to load resource: net::ERR_NAME_NOT_RESOLVED @ https://googleads.g.doubleclick.net/pagead/id:0
[  139119ms] [ERROR] Failed to load resource: net::ERR_NAME_NOT_RESOLVED @ https://static.doubleclick.net/instream/ad_status.js:0
[  139192ms] [ERROR] Failed to load resource: net::ERR_NAME_NOT_RESOLVED @ https://static.doubleclick.net/instream/ad_status.js:0
[  139193ms] [ERROR] Failed to load resource: net::ERR_NAME_NOT_RESOLVED @ https://googleads.g.doubleclick.net/pagead/id:0
[  144468ms] [ERROR] Failed to load resource: net::ERR_NAME_NOT_RESOLVED @ https://googleads.g.doubleclick.net/pagead/id:0
[  144468ms] [ERROR] Failed to load resource: net::ERR_NAME_NOT_RESOLVED @ https://static.doubleclick.net/instream/ad_status.js:0
[  149814ms] [ERROR] Failed to load resource: net::ERR_NAME_NOT_RESOLVED @ https://googleads.g.doubleclick.net/pagead/id:0
[  149814ms] [ERROR] Failed to load resource: net::ERR_NAME_NOT_RESOLVED @ https://static.doubleclick.net/instream/ad_status.js:0
[  155140ms] [ERROR] Failed to load resource: net::ERR_NAME_NOT_RESOLVED @ https://googleads.g.doubleclick.net/pagead/id:0
[  155140ms] [ERROR] Failed to load resource: net::ERR_NAME_NOT_RESOLVED @ https://static.doubleclick.net/instream/ad_status.js:0
[  160469ms] [ERROR] Failed to load resource: net::ERR_NAME_NOT_RESOLVED @ https://static.doubleclick.net/instream/ad_status.js:0
[  160470ms] [ERROR] Failed to load resource: net::ERR_NAME_NOT_RESOLVED @ https://googleads.g.doubleclick.net/pagead/id:0
[  165810ms] [ERROR] Failed to load resource: net::ERR_NAME_NOT_RESOLVED @ https://googleads.g.doubleclick.net/pagead/id:0
[  165810ms] [ERROR] Failed to load resource: net::ERR_NAME_NOT_RESOLVED @ https://static.doubleclick.net/instream/ad_status.js:0
[  171144ms] [ERROR] Failed to load resource: net::ERR_NAME_NOT_RESOLVED @ https://googleads.g.doubleclick.net/pagead/id:0
[  171144ms] [ERROR] Failed to load resource: net::ERR_NAME_NOT_RESOLVED @ https://static.doubleclick.net/instream/ad_status.js:0
[  173723ms] [ERROR] Failed to load resource: net::ERR_NAME_NOT_RESOLVED @ https://googleads.g.doubleclick.net/pagead/id:0
[  173723ms] [ERROR] Failed to load resource: net::ERR_NAME_NOT_RESOLVED @ https://static.doubleclick.net/instream/ad_status.js:0
[  259058ms] [ERROR] Failed to load resource: net::ERR_NAME_NOT_RESOLVED @ https://googleads.g.doubleclick.net/pagead/id:0
[  259206ms] [ERROR] Failed to load resource: net::ERR_NAME_NOT_RESOLVED @ https://googleads.g.doubleclick.net/pagead/id:0
[  293735ms] [ERROR] Failed to load resource: net::ERR_NAME_NOT_RESOLVED @ https://googleads.g.doubleclick.net/pagead/id:0
[  379071ms] [ERROR] Failed to load resource: net::ERR_NAME_NOT_RESOLVED @ https://googleads.g.doubleclick.net/pagead/id:0
[  379213ms] [ERROR] Failed to load resource: net::ERR_NAME_NOT_RESOLVED @ https://googleads.g.doubleclick.net/pagead/id:0
[  413745ms] [ERROR] Failed to load resource: net::ERR_NAME_NOT_RESOLVED @ https://googleads.g.doubleclick.net/pagead/id:0
[ 4511206ms] [ERROR] Failed to load resource: net::ERR_NAME_NOT_RESOLVED @ https://googleads.g.doubleclick.net/pagead/viewthroughconversion/962985656/?backend=innertube&cname=56&cver=2_20260410&foc_id=5FqCllc0jXW_I7ix5jRIQA&label=followon_view&ptype=no_rmkt&random=607048521&cv_attributed=0:0
[ 4514811ms] [ERROR] Failed to load resource: net::ERR_NAME_NOT_RESOLVED @ https://googleads.g.doubleclick.net/pagead/id:0
[ 4514850ms] [ERROR] Failed to load resource: net::ERR_NAME_NOT_RESOLVED @ https://static.doubleclick.net/instream/ad_status.js:0
[ 4515973ms] [ERROR] Failed to load resource: net::ERR_NAME_NOT_RESOLVED @ https://static.doubleclick.net/instream/ad_status.js:0
[ 4515973ms] [ERROR] Failed to load resource: net::ERR_NAME_NOT_RESOLVED @ https://googleads.g.doubleclick.net/pagead/id:0
[ 4517305ms] [ERROR] Failed to load resource: net::ERR_NAME_NOT_RESOLVED @ https://static.doubleclick.net/instream/ad_status.js:0
[ 4517306ms] [ERROR] Failed to load resource: net::ERR_NAME_NOT_RESOLVED @ https://googleads.g.doubleclick.net/pagead/id:0
[ 4522792ms] [ERROR] Failed to load resource: net::ERR_NAME_NOT_RESOLVED @ https://static.doubleclick.net/instream/ad_status.js:0
[ 4522793ms] [ERROR] Failed to load resource: net::ERR_NAME_NOT_RESOLVED @ https://googleads.g.doubleclick.net/pagead/id:0
[ 4523804ms] [WARNING] Failed to execute 'postMessage' on 'DOMWindow': The target origin provided ('https://www.youtube.com') does not match the recipient window's origin ('http://127.0.0.1:4000'). @ https://www.youtube.com/s/player/8a6e7bc4/www-widgetapi.vflset/www-widgetapi.js:209
[   28974ms] [ERROR] Failed to load resource: net::ERR_NAME_NOT_RESOLVED @ https://googleads.g.doubleclick.net/pagead/id:0
[   28974ms] [ERROR] Failed to load resource: net::ERR_NAME_NOT_RESOLVED @ https://static.doubleclick.net/instream/ad_status.js:0
[   55640ms] [ERROR] Failed to load resource: net::ERR_NAME_NOT_RESOLVED @ https://googleads.g.doubleclick.net/pagead/id:0
[   55640ms] [ERROR] Failed to load resource: net::ERR_NAME_NOT_RESOLVED @ https://static.doubleclick.net/instream/ad_status.js:0
[   55682ms] [ERROR] Failed to load resource: net::ERR_NAME_NOT_RESOLVED @ https://static.doubleclick.net/instream/ad_status.js:0
[   55683ms] [ERROR] Failed to load resource: net::ERR_NAME_NOT_RESOLVED @ https://googleads.g.doubleclick.net/pagead/id:0
[   61060ms] [ERROR] Failed to load resource: net::ERR_NAME_NOT_RESOLVED @ https://googleads.g.doubleclick.net/pagead/id:0
[   61060ms] [ERROR] Failed to load resource: net::ERR_NAME_NOT_RESOLVED @ https://static.doubleclick.net/instream/ad_status.js:0
[   66400ms] [ERROR] Failed to load resource: net::ERR_NAME_NOT_RESOLVED @ https://googleads.g.doubleclick.net/pagead/id:0
[   66400ms] [ERROR] Failed to load resource: net::ERR_NAME_NOT_RESOLVED @ https://static.doubleclick.net/instream/ad_status.js:0
[   71850ms] [ERROR] Failed to load resource: net::ERR_NAME_NOT_RESOLVED @ https://googleads.g.doubleclick.net/pagead/id:0
[   71850ms] [ERROR] Failed to load resource: net::ERR_NAME_NOT_RESOLVED @ https://static.doubleclick.net/instream/ad_status.js:0
[   77308ms] [ERROR] Failed to load resource: net::ERR_NAME_NOT_RESOLVED @ https://static.doubleclick.net/instream/ad_status.js:0
[   77309ms] [ERROR] Failed to load resource: net::ERR_NAME_NOT_RESOLVED @ https://googleads.g.doubleclick.net/pagead/id:0
[   82649ms] [ERROR] Failed to load resource: net::ERR_NAME_NOT_RESOLVED @ https://googleads.g.doubleclick.net/pagead/id:0
[   82650ms] [ERROR] Failed to load resource: net::ERR_NAME_NOT_RESOLVED @ https://static.doubleclick.net/instream/ad_status.js:0
[   88015ms] [ERROR] Failed to load resource: net::ERR_NAME_NOT_RESOLVED @ https://googleads.g.doubleclick.net/pagead/id:0
[   88015ms] [ERROR] Failed to load resource: net::ERR_NAME_NOT_RESOLVED @ https://static.doubleclick.net/instream/ad_status.js:0
[   93591ms] [ERROR] Failed to load resource: net::ERR_NAME_NOT_RESOLVED @ https://static.doubleclick.net/instream/ad_status.js:0
[   93591ms] [ERROR] Failed to load resource: net::ERR_NAME_NOT_RESOLVED @ https://googleads.g.doubleclick.net/pagead/id:0
[   98946ms] [ERROR] Failed to load resource: net::ERR_NAME_NOT_RESOLVED @ https://googleads.g.doubleclick.net/pagead/id:0
[   98946ms] [ERROR] Failed to load resource: net::ERR_NAME_NOT_RESOLVED @ https://static.doubleclick.net/instream/ad_status.js:0
[  104772ms] [ERROR] Failed to load resource: net::ERR_NAME_NOT_RESOLVED @ https://static.doubleclick.net/instream/ad_status.js:0
[  104772ms] [ERROR] Failed to load resource: net::ERR_NAME_NOT_RESOLVED @ https://googleads.g.doubleclick.net/pagead/id:0
[  110139ms] [ERROR] Failed to load resource: net::ERR_NAME_NOT_RESOLVED @ https://static.doubleclick.net/instream/ad_status.js:0
[  110139ms] [ERROR] Failed to load resource: net::ERR_NAME_NOT_RESOLVED @ https://googleads.g.doubleclick.net/pagead/id:0
[  115664ms] [ERROR] Failed to load resource: net::ERR_NAME_NOT_RESOLVED @ https://static.doubleclick.net/instream/ad_status.js:0
[  115664ms] [ERROR] Failed to load resource: net::ERR_NAME_NOT_RESOLVED @ https://googleads.g.doubleclick.net/pagead/id:0
[  121007ms] [ERROR] Failed to load resource: net::ERR_NAME_NOT_RESOLVED @ https://googleads.g.doubleclick.net/pagead/id:0
[  121007ms] [ERROR] Failed to load resource: net::ERR_NAME_NOT_RESOLVED @ https://static.doubleclick.net/instream/ad_status.js:0
[  126370ms] [ERROR] Failed to load resource: net::ERR_NAME_NOT_RESOLVED @ https://googleads.g.doubleclick.net/pagead/id:0
[  126370ms] [ERROR] Failed to load resource: net::ERR_NAME_NOT_RESOLVED @ https://static.doubleclick.net/instream/ad_status.js:0
[  131713ms] [ERROR] Failed to load resource: net::ERR_NAME_NOT_RESOLVED @ https://static.doubleclick.net/instream/ad_status.js:0
[  131714ms] [ERROR] Failed to load resource: net::ERR_NAME_NOT_RESOLVED @ https://googleads.g.doubleclick.net/pagead/id:0
[  137082ms] [ERROR] Failed to load resource: net::ERR_NAME_NOT_RESOLVED @ https://googleads.g.doubleclick.net/pagead/id:0
[  137082ms] [ERROR] Failed to load resource: net::ERR_NAME_NOT_RESOLVED @ https://static.doubleclick.net/instream/ad_status.js:0
[  139042ms] [ERROR] Failed to load resource: net::ERR_NAME_NOT_RESOLVED @ https://googleads.g.doubleclick.net/pagead/id:0
[  139042ms] [ERROR] Failed to load resource: net::ERR_NAME_NOT_RESOLVED @ https://static.doubleclick.net/instream/ad_status.js:0
[  139119ms] [ERROR] Failed to load resource: net::ERR_NAME_NOT_RESOLVED @ https://googleads.g.doubleclick.net/pagead/id:0
[  139119ms] [ERROR] Failed to load resource: net::ERR_NAME_NOT_RESOLVED @ https://static.doubleclick.net/instream/ad_status.js:0
[  139192ms] [ERROR] Failed to load resource: net::ERR_NAME_NOT_RESOLVED @ https://static.doubleclick.net/instream/ad_status.js:0
[  139193ms] [ERROR] Failed to load resource: net::ERR_NAME_NOT_RESOLVED @ https://googleads.g.doubleclick.net/pagead/id:0
[  144468ms] [ERROR] Failed to load resource: net::ERR_NAME_NOT_RESOLVED @ https://googleads.g.doubleclick.net/pagead/id:0
[  144468ms] [ERROR] Failed to load resource: net::ERR_NAME_NOT_RESOLVED @ https://static.doubleclick.net/instream/ad_status.js:0
[  149814ms] [ERROR] Failed to load resource: net::ERR_NAME_NOT_RESOLVED @ https://googleads.g.doubleclick.net/pagead/id:0
[  149814ms] [ERROR] Failed to load resource: net::ERR_NAME_NOT_RESOLVED @ https://static.doubleclick.net/instream/ad_status.js:0
[  155140ms] [ERROR] Failed to load resource: net::ERR_NAME_NOT_RESOLVED @ https://googleads.g.doubleclick.net/pagead/id:0
[  155140ms] [ERROR] Failed to load resource: net::ERR_NAME_NOT_RESOLVED @ https://static.doubleclick.net/instream/ad_status.js:0
[  160469ms] [ERROR] Failed to load resource: net::ERR_NAME_NOT_RESOLVED @ https://static.doubleclick.net/instream/ad_status.js:0
[  160470ms] [ERROR] Failed to load resource: net::ERR_NAME_NOT_RESOLVED @ https://googleads.g.doubleclick.net/pagead/id:0
[  165810ms] [ERROR] Failed to load resource: net::ERR_NAME_NOT_RESOLVED @ https://googleads.g.doubleclick.net/pagead/id:0
[  165810ms] [ERROR] Failed to load resource: net::ERR_NAME_NOT_RESOLVED @ https://static.doubleclick.net/instream/ad_status.js:0
[  171144ms] [ERROR] Failed to load resource: net::ERR_NAME_NOT_RESOLVED @ https://googleads.g.doubleclick.net/pagead/id:0
[  171144ms] [ERROR] Failed to load resource: net::ERR_NAME_NOT_RESOLVED @ https://static.doubleclick.net/instream/ad_status.js:0
[  173723ms] [ERROR] Failed to load resource: net::ERR_NAME_NOT_RESOLVED @ https://googleads.g.doubleclick.net/pagead/id:0
[  173723ms] [ERROR] Failed to load resource: net::ERR_NAME_NOT_RESOLVED @ https://static.doubleclick.net/instream/ad_status.js:0
[  259058ms] [ERROR] Failed to load resource: net::ERR_NAME_NOT_RESOLVED @ https://googleads.g.doubleclick.net/pagead/id:0
[  259206ms] [ERROR] Failed to load resource: net::ERR_NAME_NOT_RESOLVED @ https://googleads.g.doubleclick.net/pagead/id:0
[  293735ms] [ERROR] Failed to load resource: net::ERR_NAME_NOT_RESOLVED @ https://googleads.g.doubleclick.net/pagead/id:0
[  379071ms] [ERROR] Failed to load resource: net::ERR_NAME_NOT_RESOLVED @ https://googleads.g.doubleclick.net/pagead/id:0
[  379213ms] [ERROR] Failed to load resource: net::ERR_NAME_NOT_RESOLVED @ https://googleads.g.doubleclick.net/pagead/id:0
[  413745ms] [ERROR] Failed to load resource: net::ERR_NAME_NOT_RESOLVED @ https://googleads.g.doubleclick.net/pagead/id:0
[ 4511206ms] [ERROR] Failed to load resource: net::ERR_NAME_NOT_RESOLVED @ https://googleads.g.doubleclick.net/pagead/viewthroughconversion/962985656/?backend=innertube&cname=56&cver=2_20260410&foc_id=5FqCllc0jXW_I7ix5jRIQA&label=followon_view&ptype=no_rmkt&random=607048521&cv_attributed=0:0
[ 4514811ms] [ERROR] Failed to load resource: net::ERR_NAME_NOT_RESOLVED @ https://googleads.g.doubleclick.net/pagead/id:0
[ 4514850ms] [ERROR] Failed to load resource: net::ERR_NAME_NOT_RESOLVED @ https://static.doubleclick.net/instream/ad_status.js:0
[ 4515973ms] [ERROR] Failed to load resource: net::ERR_NAME_NOT_RESOLVED @ https://static.doubleclick.net/instream/ad_status.js:0
[ 4515973ms] [ERROR] Failed to load resource: net::ERR_NAME_NOT_RESOLVED @ https://googleads.g.doubleclick.net/pagead/id:0
[ 4517305ms] [ERROR] Failed to load resource: net::ERR_NAME_NOT_RESOLVED @ https://static.doubleclick.net/instream/ad_status.js:0
[ 4517306ms] [ERROR] Failed to load resource: net::ERR_NAME_NOT_RESOLVED @ https://googleads.g.doubleclick.net/pagead/id:0
[ 4522792ms] [ERROR] Failed to load resource: net::ERR_NAME_NOT_RESOLVED @ https://static.doubleclick.net/instream/ad_status.js:0
[ 4522793ms] [ERROR] Failed to load resource: net::ERR_NAME_NOT_RESOLVED @ https://googleads.g.doubleclick.net/pagead/id:0
[ 4523913ms] [ERROR] Failed to load resource: net::ERR_NAME_NOT_RESOLVED @ https://googleads.g.doubleclick.net/pagead/id:0
[ 4523913ms] [ERROR] Failed to load resource: net::ERR_NAME_NOT_RESOLVED @ https://static.doubleclick.net/instream/ad_status.js:0
[ 4524927ms] [WARNING] Failed to execute 'postMessage' on 'DOMWindow': The target origin provided ('https://www.youtube.com') does not match the recipient window's origin ('http://127.0.0.1:4000'). @ https://www.youtube.com/s/player/8a6e7bc4/www-widgetapi.vflset/www-widgetapi.js:209
[   28974ms] [ERROR] Failed to load resource: net::ERR_NAME_NOT_RESOLVED @ https://googleads.g.doubleclick.net/pagead/id:0
[   28974ms] [ERROR] Failed to load resource: net::ERR_NAME_NOT_RESOLVED @ https://static.doubleclick.net/instream/ad_status.js:0
[   55640ms] [ERROR] Failed to load resource: net::ERR_NAME_NOT_RESOLVED @ https://googleads.g.doubleclick.net/pagead/id:0
[   55640ms] [ERROR] Failed to load resource: net::ERR_NAME_NOT_RESOLVED @ https://static.doubleclick.net/instream/ad_status.js:0
[   55682ms] [ERROR] Failed to load resource: net::ERR_NAME_NOT_RESOLVED @ https://static.doubleclick.net/instream/ad_status.js:0
[   55683ms] [ERROR] Failed to load resource: net::ERR_NAME_NOT_RESOLVED @ https://googleads.g.doubleclick.net/pagead/id:0
[   61060ms] [ERROR] Failed to load resource: net::ERR_NAME_NOT_RESOLVED @ https://googleads.g.doubleclick.net/pagead/id:0
[   61060ms] [ERROR] Failed to load resource: net::ERR_NAME_NOT_RESOLVED @ https://static.doubleclick.net/instream/ad_status.js:0
[   66400ms] [ERROR] Failed to load resource: net::ERR_NAME_NOT_RESOLVED @ https://googleads.g.doubleclick.net/pagead/id:0
[   66400ms] [ERROR] Failed to load resource: net::ERR_NAME_NOT_RESOLVED @ https://static.doubleclick.net/instream/ad_status.js:0
[   71850ms] [ERROR] Failed to load resource: net::ERR_NAME_NOT_RESOLVED @ https://googleads.g.doubleclick.net/pagead/id:0
[   71850ms] [ERROR] Failed to load resource: net::ERR_NAME_NOT_RESOLVED @ https://static.doubleclick.net/instream/ad_status.js:0
[   77308ms] [ERROR] Failed to load resource: net::ERR_NAME_NOT_RESOLVED @ https://static.doubleclick.net/instream/ad_status.js:0
[   77309ms] [ERROR] Failed to load resource: net::ERR_NAME_NOT_RESOLVED @ https://googleads.g.doubleclick.net/pagead/id:0
[   82649ms] [ERROR] Failed to load resource: net::ERR_NAME_NOT_RESOLVED @ https://googleads.g.doubleclick.net/pagead/id:0
[   82650ms] [ERROR] Failed to load resource: net::ERR_NAME_NOT_RESOLVED @ https://static.doubleclick.net/instream/ad_status.js:0
[   88015ms] [ERROR] Failed to load resource: net::ERR_NAME_NOT_RESOLVED @ https://googleads.g.doubleclick.net/pagead/id:0
[   88015ms] [ERROR] Failed to load resource: net::ERR_NAME_NOT_RESOLVED @ https://static.doubleclick.net/instream/ad_status.js:0
[   93591ms] [ERROR] Failed to load resource: net::ERR_NAME_NOT_RESOLVED @ https://static.doubleclick.net/instream/ad_status.js:0
[   93591ms] [ERROR] Failed to load resource: net::ERR_NAME_NOT_RESOLVED @ https://googleads.g.doubleclick.net/pagead/id:0
[   98946ms] [ERROR] Failed to load resource: net::ERR_NAME_NOT_RESOLVED @ https://googleads.g.doubleclick.net/pagead/id:0
[   98946ms] [ERROR] Failed to load resource: net::ERR_NAME_NOT_RESOLVED @ https://static.doubleclick.net/instream/ad_status.js:0
[  104772ms] [ERROR] Failed to load resource: net::ERR_NAME_NOT_RESOLVED @ https://static.doubleclick.net/instream/ad_status.js:0
[  104772ms] [ERROR] Failed to load resource: net::ERR_NAME_NOT_RESOLVED @ https://googleads.g.doubleclick.net/pagead/id:0
[  110139ms] [ERROR] Failed to load resource: net::ERR_NAME_NOT_RESOLVED @ https://static.doubleclick.net/instream/ad_status.js:0
[  110139ms] [ERROR] Failed to load resource: net::ERR_NAME_NOT_RESOLVED @ https://googleads.g.doubleclick.net/pagead/id:0
[  115664ms] [ERROR] Failed to load resource: net::ERR_NAME_NOT_RESOLVED @ https://static.doubleclick.net/instream/ad_status.js:0
[  115664ms] [ERROR] Failed to load resource: net::ERR_NAME_NOT_RESOLVED @ https://googleads.g.doubleclick.net/pagead/id:0
[  121007ms] [ERROR] Failed to load resource: net::ERR_NAME_NOT_RESOLVED @ https://googleads.g.doubleclick.net/pagead/id:0
[  121007ms] [ERROR] Failed to load resource: net::ERR_NAME_NOT_RESOLVED @ https://static.doubleclick.net/instream/ad_status.js:0
[  126370ms] [ERROR] Failed to load resource: net::ERR_NAME_NOT_RESOLVED @ https://googleads.g.doubleclick.net/pagead/id:0
[  126370ms] [ERROR] Failed to load resource: net::ERR_NAME_NOT_RESOLVED @ https://static.doubleclick.net/instream/ad_status.js:0
[  131713ms] [ERROR] Failed to load resource: net::ERR_NAME_NOT_RESOLVED @ https://static.doubleclick.net/instream/ad_status.js:0
[  131714ms] [ERROR] Failed to load resource: net::ERR_NAME_NOT_RESOLVED @ https://googleads.g.doubleclick.net/pagead/id:0
[  137082ms] [ERROR] Failed to load resource: net::ERR_NAME_NOT_RESOLVED @ https://googleads.g.doubleclick.net/pagead/id:0
[  137082ms] [ERROR] Failed to load resource: net::ERR_NAME_NOT_RESOLVED @ https://static.doubleclick.net/instream/ad_status.js:0
[  139042ms] [ERROR] Failed to load resource: net::ERR_NAME_NOT_RESOLVED @ https://googleads.g.doubleclick.net/pagead/id:0
[  139042ms] [ERROR] Failed to load resource: net::ERR_NAME_NOT_RESOLVED @ https://static.doubleclick.net/instream/ad_status.js:0
[  139119ms] [ERROR] Failed to load resource: net::ERR_NAME_NOT_RESOLVED @ https://googleads.g.doubleclick.net/pagead/id:0
[  139119ms] [ERROR] Failed to load resource: net::ERR_NAME_NOT_RESOLVED @ https://static.doubleclick.net/instream/ad_status.js:0
[  139192ms] [ERROR] Failed to load resource: net::ERR_NAME_NOT_RESOLVED @ https://static.doubleclick.net/instream/ad_status.js:0
[  139193ms] [ERROR] Failed to load resource: net::ERR_NAME_NOT_RESOLVED @ https://googleads.g.doubleclick.net/pagead/id:0
[  144468ms] [ERROR] Failed to load resource: net::ERR_NAME_NOT_RESOLVED @ https://googleads.g.doubleclick.net/pagead/id:0
[  144468ms] [ERROR] Failed to load resource: net::ERR_NAME_NOT_RESOLVED @ https://static.doubleclick.net/instream/ad_status.js:0
[  149814ms] [ERROR] Failed to load resource: net::ERR_NAME_NOT_RESOLVED @ https://googleads.g.doubleclick.net/pagead/id:0
[  149814ms] [ERROR] Failed to load resource: net::ERR_NAME_NOT_RESOLVED @ https://static.doubleclick.net/instream/ad_status.js:0
[  155140ms] [ERROR] Failed to load resource: net::ERR_NAME_NOT_RESOLVED @ https://googleads.g.doubleclick.net/pagead/id:0
[  155140ms] [ERROR] Failed to load resource: net::ERR_NAME_NOT_RESOLVED @ https://static.doubleclick.net/instream/ad_status.js:0
[  160469ms] [ERROR] Failed to load resource: net::ERR_NAME_NOT_RESOLVED @ https://static.doubleclick.net/instream/ad_status.js:0
[  160470ms] [ERROR] Failed to load resource: net::ERR_NAME_NOT_RESOLVED @ https://googleads.g.doubleclick.net/pagead/id:0
[  165810ms] [ERROR] Failed to load resource: net::ERR_NAME_NOT_RESOLVED @ https://googleads.g.doubleclick.net/pagead/id:0
[  165810ms] [ERROR] Failed to load resource: net::ERR_NAME_NOT_RESOLVED @ https://static.doubleclick.net/instream/ad_status.js:0
[  171144ms] [ERROR] Failed to load resource: net::ERR_NAME_NOT_RESOLVED @ https://googleads.g.doubleclick.net/pagead/id:0
[  171144ms] [ERROR] Failed to load resource: net::ERR_NAME_NOT_RESOLVED @ https://static.doubleclick.net/instream/ad_status.js:0
[  173723ms] [ERROR] Failed to load resource: net::ERR_NAME_NOT_RESOLVED @ https://googleads.g.doubleclick.net/pagead/id:0
[  173723ms] [ERROR] Failed to load resource: net::ERR_NAME_NOT_RESOLVED @ https://static.doubleclick.net/instream/ad_status.js:0
[  259058ms] [ERROR] Failed to load resource: net::ERR_NAME_NOT_RESOLVED @ https://googleads.g.doubleclick.net/pagead/id:0
[  259206ms] [ERROR] Failed to load resource: net::ERR_NAME_NOT_RESOLVED @ https://googleads.g.doubleclick.net/pagead/id:0
[  293735ms] [ERROR] Failed to load resource: net::ERR_NAME_NOT_RESOLVED @ https://googleads.g.doubleclick.net/pagead/id:0
[  379071ms] [ERROR] Failed to load resource: net::ERR_NAME_NOT_RESOLVED @ https://googleads.g.doubleclick.net/pagead/id:0
[  379213ms] [ERROR] Failed to load resource: net::ERR_NAME_NOT_RESOLVED @ https://googleads.g.doubleclick.net/pagead/id:0
[  413745ms] [ERROR] Failed to load resource: net::ERR_NAME_NOT_RESOLVED @ https://googleads.g.doubleclick.net/pagead/id:0
[ 4511206ms] [ERROR] Failed to load resource: net::ERR_NAME_NOT_RESOLVED @ https://googleads.g.doubleclick.net/pagead/viewthroughconversion/962985656/?backend=innertube&cname=56&cver=2_20260410&foc_id=5FqCllc0jXW_I7ix5jRIQA&label=followon_view&ptype=no_rmkt&random=607048521&cv_attributed=0:0
[ 4514811ms] [ERROR] Failed to load resource: net::ERR_NAME_NOT_RESOLVED @ https://googleads.g.doubleclick.net/pagead/id:0
[ 4514850ms] [ERROR] Failed to load resource: net::ERR_NAME_NOT_RESOLVED @ https://static.doubleclick.net/instream/ad_status.js:0
[ 4515973ms] [ERROR] Failed to load resource: net::ERR_NAME_NOT_RESOLVED @ https://static.doubleclick.net/instream/ad_status.js:0
[ 4515973ms] [ERROR] Failed to load resource: net::ERR_NAME_NOT_RESOLVED @ https://googleads.g.doubleclick.net/pagead/id:0
[ 4517305ms] [ERROR] Failed to load resource: net::ERR_NAME_NOT_RESOLVED @ https://static.doubleclick.net/instream/ad_status.js:0
[ 4517306ms] [ERROR] Failed to load resource: net::ERR_NAME_NOT_RESOLVED @ https://googleads.g.doubleclick.net/pagead/id:0
[ 4522792ms] [ERROR] Failed to load resource: net::ERR_NAME_NOT_RESOLVED @ https://static.doubleclick.net/instream/ad_status.js:0
[ 4522793ms] [ERROR] Failed to load resource: net::ERR_NAME_NOT_RESOLVED @ https://googleads.g.doubleclick.net/pagead/id:0
[ 4523913ms] [ERROR] Failed to load resource: net::ERR_NAME_NOT_RESOLVED @ https://googleads.g.doubleclick.net/pagead/id:0
[ 4523913ms] [ERROR] Failed to load resource: net::ERR_NAME_NOT_RESOLVED @ https://static.doubleclick.net/instream/ad_status.js:0
[ 4525056ms] [ERROR] Failed to load resource: net::ERR_NAME_NOT_RESOLVED @ https://static.doubleclick.net/instream/ad_status.js:0
[ 4525056ms] [ERROR] Failed to load resource: net::ERR_NAME_NOT_RESOLVED @ https://googleads.g.doubleclick.net/pagead/id:0
[ 4530325ms] [WARNING] Failed to execute 'postMessage' on 'DOMWindow': The target origin provided ('https://www.youtube.com') does not match the recipient window's origin ('http://127.0.0.1:4000'). @ https://www.youtube.com/s/player/8a6e7bc4/www-widgetapi.vflset/www-widgetapi.js:209
[   28974ms] [ERROR] Failed to load resource: net::ERR_NAME_NOT_RESOLVED @ https://googleads.g.doubleclick.net/pagead/id:0
[   28974ms] [ERROR] Failed to load resource: net::ERR_NAME_NOT_RESOLVED @ https://static.doubleclick.net/instream/ad_status.js:0
[   55640ms] [ERROR] Failed to load resource: net::ERR_NAME_NOT_RESOLVED @ https://googleads.g.doubleclick.net/pagead/id:0
[   55640ms] [ERROR] Failed to load resource: net::ERR_NAME_NOT_RESOLVED @ https://static.doubleclick.net/instream/ad_status.js:0
[   55682ms] [ERROR] Failed to load resource: net::ERR_NAME_NOT_RESOLVED @ https://static.doubleclick.net/instream/ad_status.js:0
[   55683ms] [ERROR] Failed to load resource: net::ERR_NAME_NOT_RESOLVED @ https://googleads.g.doubleclick.net/pagead/id:0
[   61060ms] [ERROR] Failed to load resource: net::ERR_NAME_NOT_RESOLVED @ https://googleads.g.doubleclick.net/pagead/id:0
[   61060ms] [ERROR] Failed to load resource: net::ERR_NAME_NOT_RESOLVED @ https://static.doubleclick.net/instream/ad_status.js:0
[   66400ms] [ERROR] Failed to load resource: net::ERR_NAME_NOT_RESOLVED @ https://googleads.g.doubleclick.net/pagead/id:0
[   66400ms] [ERROR] Failed to load resource: net::ERR_NAME_NOT_RESOLVED @ https://static.doubleclick.net/instream/ad_status.js:0
[   71850ms] [ERROR] Failed to load resource: net::ERR_NAME_NOT_RESOLVED @ https://googleads.g.doubleclick.net/pagead/id:0
[   71850ms] [ERROR] Failed to load resource: net::ERR_NAME_NOT_RESOLVED @ https://static.doubleclick.net/instream/ad_status.js:0
[   77308ms] [ERROR] Failed to load resource: net::ERR_NAME_NOT_RESOLVED @ https://static.doubleclick.net/instream/ad_status.js:0
[   77309ms] [ERROR] Failed to load resource: net::ERR_NAME_NOT_RESOLVED @ https://googleads.g.doubleclick.net/pagead/id:0
[   82649ms] [ERROR] Failed to load resource: net::ERR_NAME_NOT_RESOLVED @ https://googleads.g.doubleclick.net/pagead/id:0
[   82650ms] [ERROR] Failed to load resource: net::ERR_NAME_NOT_RESOLVED @ https://static.doubleclick.net/instream/ad_status.js:0
[   88015ms] [ERROR] Failed to load resource: net::ERR_NAME_NOT_RESOLVED @ https://googleads.g.doubleclick.net/pagead/id:0
[   88015ms] [ERROR] Failed to load resource: net::ERR_NAME_NOT_RESOLVED @ https://static.doubleclick.net/instream/ad_status.js:0
[   93591ms] [ERROR] Failed to load resource: net::ERR_NAME_NOT_RESOLVED @ https://static.doubleclick.net/instream/ad_status.js:0
[   93591ms] [ERROR] Failed to load resource: net::ERR_NAME_NOT_RESOLVED @ https://googleads.g.doubleclick.net/pagead/id:0
[   98946ms] [ERROR] Failed to load resource: net::ERR_NAME_NOT_RESOLVED @ https://googleads.g.doubleclick.net/pagead/id:0
[   98946ms] [ERROR] Failed to load resource: net::ERR_NAME_NOT_RESOLVED @ https://static.doubleclick.net/instream/ad_status.js:0
[  104772ms] [ERROR] Failed to load resource: net::ERR_NAME_NOT_RESOLVED @ https://static.doubleclick.net/instream/ad_status.js:0
[  104772ms] [ERROR] Failed to load resource: net::ERR_NAME_NOT_RESOLVED @ https://googleads.g.doubleclick.net/pagead/id:0
[  110139ms] [ERROR] Failed to load resource: net::ERR_NAME_NOT_RESOLVED @ https://static.doubleclick.net/instream/ad_status.js:0
[  110139ms] [ERROR] Failed to load resource: net::ERR_NAME_NOT_RESOLVED @ https://googleads.g.doubleclick.net/pagead/id:0
[  115664ms] [ERROR] Failed to load resource: net::ERR_NAME_NOT_RESOLVED @ https://static.doubleclick.net/instream/ad_status.js:0
[  115664ms] [ERROR] Failed to load resource: net::ERR_NAME_NOT_RESOLVED @ https://googleads.g.doubleclick.net/pagead/id:0
[  121007ms] [ERROR] Failed to load resource: net::ERR_NAME_NOT_RESOLVED @ https://googleads.g.doubleclick.net/pagead/id:0
[  121007ms] [ERROR] Failed to load resource: net::ERR_NAME_NOT_RESOLVED @ https://static.doubleclick.net/instream/ad_status.js:0
[  126370ms] [ERROR] Failed to load resource: net::ERR_NAME_NOT_RESOLVED @ https://googleads.g.doubleclick.net/pagead/id:0
[  126370ms] [ERROR] Failed to load resource: net::ERR_NAME_NOT_RESOLVED @ https://static.doubleclick.net/instream/ad_status.js:0
[  131713ms] [ERROR] Failed to load resource: net::ERR_NAME_NOT_RESOLVED @ https://static.doubleclick.net/instream/ad_status.js:0
[  131714ms] [ERROR] Failed to load resource: net::ERR_NAME_NOT_RESOLVED @ https://googleads.g.doubleclick.net/pagead/id:0
[  137082ms] [ERROR] Failed to load resource: net::ERR_NAME_NOT_RESOLVED @ https://googleads.g.doubleclick.net/pagead/id:0
[  137082ms] [ERROR] Failed to load resource: net::ERR_NAME_NOT_RESOLVED @ https://static.doubleclick.net/instream/ad_status.js:0
[  139042ms] [ERROR] Failed to load resource: net::ERR_NAME_NOT_RESOLVED @ https://googleads.g.doubleclick.net/pagead/id:0
[  139042ms] [ERROR] Failed to load resource: net::ERR_NAME_NOT_RESOLVED @ https://static.doubleclick.net/instream/ad_status.js:0
[  139119ms] [ERROR] Failed to load resource: net::ERR_NAME_NOT_RESOLVED @ https://googleads.g.doubleclick.net/pagead/id:0
[  139119ms] [ERROR] Failed to load resource: net::ERR_NAME_NOT_RESOLVED @ https://static.doubleclick.net/instream/ad_status.js:0
[  139192ms] [ERROR] Failed to load resource: net::ERR_NAME_NOT_RESOLVED @ https://static.doubleclick.net/instream/ad_status.js:0
[  139193ms] [ERROR] Failed to load resource: net::ERR_NAME_NOT_RESOLVED @ https://googleads.g.doubleclick.net/pagead/id:0
[  144468ms] [ERROR] Failed to load resource: net::ERR_NAME_NOT_RESOLVED @ https://googleads.g.doubleclick.net/pagead/id:0
[  144468ms] [ERROR] Failed to load resource: net::ERR_NAME_NOT_RESOLVED @ https://static.doubleclick.net/instream/ad_status.js:0
[  149814ms] [ERROR] Failed to load resource: net::ERR_NAME_NOT_RESOLVED @ https://googleads.g.doubleclick.net/pagead/id:0
[  149814ms] [ERROR] Failed to load resource: net::ERR_NAME_NOT_RESOLVED @ https://static.doubleclick.net/instream/ad_status.js:0
[  155140ms] [ERROR] Failed to load resource: net::ERR_NAME_NOT_RESOLVED @ https://googleads.g.doubleclick.net/pagead/id:0
[  155140ms] [ERROR] Failed to load resource: net::ERR_NAME_NOT_RESOLVED @ https://static.doubleclick.net/instream/ad_status.js:0
[  160469ms] [ERROR] Failed to load resource: net::ERR_NAME_NOT_RESOLVED @ https://static.doubleclick.net/instream/ad_status.js:0
[  160470ms] [ERROR] Failed to load resource: net::ERR_NAME_NOT_RESOLVED @ https://googleads.g.doubleclick.net/pagead/id:0
[  165810ms] [ERROR] Failed to load resource: net::ERR_NAME_NOT_RESOLVED @ https://googleads.g.doubleclick.net/pagead/id:0
[  165810ms] [ERROR] Failed to load resource: net::ERR_NAME_NOT_RESOLVED @ https://static.doubleclick.net/instream/ad_status.js:0
[  171144ms] [ERROR] Failed to load resource: net::ERR_NAME_NOT_RESOLVED @ https://googleads.g.doubleclick.net/pagead/id:0
[  171144ms] [ERROR] Failed to load resource: net::ERR_NAME_NOT_RESOLVED @ https://static.doubleclick.net/instream/ad_status.js:0
[  173723ms] [ERROR] Failed to load resource: net::ERR_NAME_NOT_RESOLVED @ https://googleads.g.doubleclick.net/pagead/id:0
[  173723ms] [ERROR] Failed to load resource: net::ERR_NAME_NOT_RESOLVED @ https://static.doubleclick.net/instream/ad_status.js:0
[  259058ms] [ERROR] Failed to load resource: net::ERR_NAME_NOT_RESOLVED @ https://googleads.g.doubleclick.net/pagead/id:0
[  259206ms] [ERROR] Failed to load resource: net::ERR_NAME_NOT_RESOLVED @ https://googleads.g.doubleclick.net/pagead/id:0
[  293735ms] [ERROR] Failed to load resource: net::ERR_NAME_NOT_RESOLVED @ https://googleads.g.doubleclick.net/pagead/id:0
[  379071ms] [ERROR] Failed to load resource: net::ERR_NAME_NOT_RESOLVED @ https://googleads.g.doubleclick.net/pagead/id:0
[  379213ms] [ERROR] Failed to load resource: net::ERR_NAME_NOT_RESOLVED @ https://googleads.g.doubleclick.net/pagead/id:0
[  413745ms] [ERROR] Failed to load resource: net::ERR_NAME_NOT_RESOLVED @ https://googleads.g.doubleclick.net/pagead/id:0
[ 4511206ms] [ERROR] Failed to load resource: net::ERR_NAME_NOT_RESOLVED @ https://googleads.g.doubleclick.net/pagead/viewthroughconversion/962985656/?backend=innertube&cname=56&cver=2_20260410&foc_id=5FqCllc0jXW_I7ix5jRIQA&label=followon_view&ptype=no_rmkt&random=607048521&cv_attributed=0:0
[ 4514811ms] [ERROR] Failed to load resource: net::ERR_NAME_NOT_RESOLVED @ https://googleads.g.doubleclick.net/pagead/id:0
[ 4514850ms] [ERROR] Failed to load resource: net::ERR_NAME_NOT_RESOLVED @ https://static.doubleclick.net/instream/ad_status.js:0
[ 4515973ms] [ERROR] Failed to load resource: net::ERR_NAME_NOT_RESOLVED @ https://static.doubleclick.net/instream/ad_status.js:0
[ 4515973ms] [ERROR] Failed to load resource: net::ERR_NAME_NOT_RESOLVED @ https://googleads.g.doubleclick.net/pagead/id:0
[ 4517305ms] [ERROR] Failed to load resource: net::ERR_NAME_NOT_RESOLVED @ https://static.doubleclick.net/instream/ad_status.js:0
[ 4517306ms] [ERROR] Failed to load resource: net::ERR_NAME_NOT_RESOLVED @ https://googleads.g.doubleclick.net/pagead/id:0
[ 4522792ms] [ERROR] Failed to load resource: net::ERR_NAME_NOT_RESOLVED @ https://static.doubleclick.net/instream/ad_status.js:0
[ 4522793ms] [ERROR] Failed to load resource: net::ERR_NAME_NOT_RESOLVED @ https://googleads.g.doubleclick.net/pagead/id:0
[ 4523913ms] [ERROR] Failed to load resource: net::ERR_NAME_NOT_RESOLVED @ https://googleads.g.doubleclick.net/pagead/id:0
[ 4523913ms] [ERROR] Failed to load resource: net::ERR_NAME_NOT_RESOLVED @ https://static.doubleclick.net/instream/ad_status.js:0
[ 4525056ms] [ERROR] Failed to load resource: net::ERR_NAME_NOT_RESOLVED @ https://static.doubleclick.net/instream/ad_status.js:0
[ 4525056ms] [ERROR] Failed to load resource: net::ERR_NAME_NOT_RESOLVED @ https://googleads.g.doubleclick.net/pagead/id:0
[ 4530470ms] [ERROR] Failed to load resource: net::ERR_NAME_NOT_RESOLVED @ https://static.doubleclick.net/instream/ad_status.js:0
[ 4530471ms] [ERROR] Failed to load resource: net::ERR_NAME_NOT_RESOLVED @ https://googleads.g.doubleclick.net/pagead/id:0
[   28974ms] [ERROR] Failed to load resource: net::ERR_NAME_NOT_RESOLVED @ https://googleads.g.doubleclick.net/pagead/id:0
[   28974ms] [ERROR] Failed to load resource: net::ERR_NAME_NOT_RESOLVED @ https://static.doubleclick.net/instream/ad_status.js:0
[   55640ms] [ERROR] Failed to load resource: net::ERR_NAME_NOT_RESOLVED @ https://googleads.g.doubleclick.net/pagead/id:0
[   55640ms] [ERROR] Failed to load resource: net::ERR_NAME_NOT_RESOLVED @ https://static.doubleclick.net/instream/ad_status.js:0
[   55682ms] [ERROR] Failed to load resource: net::ERR_NAME_NOT_RESOLVED @ https://static.doubleclick.net/instream/ad_status.js:0
[   55683ms] [ERROR] Failed to load resource: net::ERR_NAME_NOT_RESOLVED @ https://googleads.g.doubleclick.net/pagead/id:0
[   61060ms] [ERROR] Failed to load resource: net::ERR_NAME_NOT_RESOLVED @ https://googleads.g.doubleclick.net/pagead/id:0
[   61060ms] [ERROR] Failed to load resource: net::ERR_NAME_NOT_RESOLVED @ https://static.doubleclick.net/instream/ad_status.js:0
[   66400ms] [ERROR] Failed to load resource: net::ERR_NAME_NOT_RESOLVED @ https://googleads.g.doubleclick.net/pagead/id:0
[   66400ms] [ERROR] Failed to load resource: net::ERR_NAME_NOT_RESOLVED @ https://static.doubleclick.net/instream/ad_status.js:0
[   71850ms] [ERROR] Failed to load resource: net::ERR_NAME_NOT_RESOLVED @ https://googleads.g.doubleclick.net/pagead/id:0
[   71850ms] [ERROR] Failed to load resource: net::ERR_NAME_NOT_RESOLVED @ https://static.doubleclick.net/instream/ad_status.js:0
[   77308ms] [ERROR] Failed to load resource: net::ERR_NAME_NOT_RESOLVED @ https://static.doubleclick.net/instream/ad_status.js:0
[   77309ms] [ERROR] Failed to load resource: net::ERR_NAME_NOT_RESOLVED @ https://googleads.g.doubleclick.net/pagead/id:0
[   82649ms] [ERROR] Failed to load resource: net::ERR_NAME_NOT_RESOLVED @ https://googleads.g.doubleclick.net/pagead/id:0
[   82650ms] [ERROR] Failed to load resource: net::ERR_NAME_NOT_RESOLVED @ https://static.doubleclick.net/instream/ad_status.js:0
[   88015ms] [ERROR] Failed to load resource: net::ERR_NAME_NOT_RESOLVED @ https://googleads.g.doubleclick.net/pagead/id:0
[   88015ms] [ERROR] Failed to load resource: net::ERR_NAME_NOT_RESOLVED @ https://static.doubleclick.net/instream/ad_status.js:0
[   93591ms] [ERROR] Failed to load resource: net::ERR_NAME_NOT_RESOLVED @ https://static.doubleclick.net/instream/ad_status.js:0
[   93591ms] [ERROR] Failed to load resource: net::ERR_NAME_NOT_RESOLVED @ https://googleads.g.doubleclick.net/pagead/id:0
[   98946ms] [ERROR] Failed to load resource: net::ERR_NAME_NOT_RESOLVED @ https://googleads.g.doubleclick.net/pagead/id:0
[   98946ms] [ERROR] Failed to load resource: net::ERR_NAME_NOT_RESOLVED @ https://static.doubleclick.net/instream/ad_status.js:0
[  104772ms] [ERROR] Failed to load resource: net::ERR_NAME_NOT_RESOLVED @ https://static.doubleclick.net/instream/ad_status.js:0
[  104772ms] [ERROR] Failed to load resource: net::ERR_NAME_NOT_RESOLVED @ https://googleads.g.doubleclick.net/pagead/id:0
[  110139ms] [ERROR] Failed to load resource: net::ERR_NAME_NOT_RESOLVED @ https://static.doubleclick.net/instream/ad_status.js:0
[  110139ms] [ERROR] Failed to load resource: net::ERR_NAME_NOT_RESOLVED @ https://googleads.g.doubleclick.net/pagead/id:0
[  115664ms] [ERROR] Failed to load resource: net::ERR_NAME_NOT_RESOLVED @ https://static.doubleclick.net/instream/ad_status.js:0
[  115664ms] [ERROR] Failed to load resource: net::ERR_NAME_NOT_RESOLVED @ https://googleads.g.doubleclick.net/pagead/id:0
[  121007ms] [ERROR] Failed to load resource: net::ERR_NAME_NOT_RESOLVED @ https://googleads.g.doubleclick.net/pagead/id:0
[  121007ms] [ERROR] Failed to load resource: net::ERR_NAME_NOT_RESOLVED @ https://static.doubleclick.net/instream/ad_status.js:0
[  126370ms] [ERROR] Failed to load resource: net::ERR_NAME_NOT_RESOLVED @ https://googleads.g.doubleclick.net/pagead/id:0
[  126370ms] [ERROR] Failed to load resource: net::ERR_NAME_NOT_RESOLVED @ https://static.doubleclick.net/instream/ad_status.js:0
[  131713ms] [ERROR] Failed to load resource: net::ERR_NAME_NOT_RESOLVED @ https://static.doubleclick.net/instream/ad_status.js:0
[  131714ms] [ERROR] Failed to load resource: net::ERR_NAME_NOT_RESOLVED @ https://googleads.g.doubleclick.net/pagead/id:0
[  137082ms] [ERROR] Failed to load resource: net::ERR_NAME_NOT_RESOLVED @ https://googleads.g.doubleclick.net/pagead/id:0
[  137082ms] [ERROR] Failed to load resource: net::ERR_NAME_NOT_RESOLVED @ https://static.doubleclick.net/instream/ad_status.js:0
[  139042ms] [ERROR] Failed to load resource: net::ERR_NAME_NOT_RESOLVED @ https://googleads.g.doubleclick.net/pagead/id:0
[  139042ms] [ERROR] Failed to load resource: net::ERR_NAME_NOT_RESOLVED @ https://static.doubleclick.net/instream/ad_status.js:0
[  139119ms] [ERROR] Failed to load resource: net::ERR_NAME_NOT_RESOLVED @ https://googleads.g.doubleclick.net/pagead/id:0
[  139119ms] [ERROR] Failed to load resource: net::ERR_NAME_NOT_RESOLVED @ https://static.doubleclick.net/instream/ad_status.js:0
[  139192ms] [ERROR] Failed to load resource: net::ERR_NAME_NOT_RESOLVED @ https://static.doubleclick.net/instream/ad_status.js:0
[  139193ms] [ERROR] Failed to load resource: net::ERR_NAME_NOT_RESOLVED @ https://googleads.g.doubleclick.net/pagead/id:0
[  144468ms] [ERROR] Failed to load resource: net::ERR_NAME_NOT_RESOLVED @ https://googleads.g.doubleclick.net/pagead/id:0
[  144468ms] [ERROR] Failed to load resource: net::ERR_NAME_NOT_RESOLVED @ https://static.doubleclick.net/instream/ad_status.js:0
[  149814ms] [ERROR] Failed to load resource: net::ERR_NAME_NOT_RESOLVED @ https://googleads.g.doubleclick.net/pagead/id:0
[  149814ms] [ERROR] Failed to load resource: net::ERR_NAME_NOT_RESOLVED @ https://static.doubleclick.net/instream/ad_status.js:0
[  155140ms] [ERROR] Failed to load resource: net::ERR_NAME_NOT_RESOLVED @ https://googleads.g.doubleclick.net/pagead/id:0
[  155140ms] [ERROR] Failed to load resource: net::ERR_NAME_NOT_RESOLVED @ https://static.doubleclick.net/instream/ad_status.js:0
[  160469ms] [ERROR] Failed to load resource: net::ERR_NAME_NOT_RESOLVED @ https://static.doubleclick.net/instream/ad_status.js:0
[  160470ms] [ERROR] Failed to load resource: net::ERR_NAME_NOT_RESOLVED @ https://googleads.g.doubleclick.net/pagead/id:0
[  165810ms] [ERROR] Failed to load resource: net::ERR_NAME_NOT_RESOLVED @ https://googleads.g.doubleclick.net/pagead/id:0
[  165810ms] [ERROR] Failed to load resource: net::ERR_NAME_NOT_RESOLVED @ https://static.doubleclick.net/instream/ad_status.js:0
[  171144ms] [ERROR] Failed to load resource: net::ERR_NAME_NOT_RESOLVED @ https://googleads.g.doubleclick.net/pagead/id:0
[  171144ms] [ERROR] Failed to load resource: net::ERR_NAME_NOT_RESOLVED @ https://static.doubleclick.net/instream/ad_status.js:0
[  173723ms] [ERROR] Failed to load resource: net::ERR_NAME_NOT_RESOLVED @ https://googleads.g.doubleclick.net/pagead/id:0
[  173723ms] [ERROR] Failed to load resource: net::ERR_NAME_NOT_RESOLVED @ https://static.doubleclick.net/instream/ad_status.js:0
[  259058ms] [ERROR] Failed to load resource: net::ERR_NAME_NOT_RESOLVED @ https://googleads.g.doubleclick.net/pagead/id:0
[  259206ms] [ERROR] Failed to load resource: net::ERR_NAME_NOT_RESOLVED @ https://googleads.g.doubleclick.net/pagead/id:0
[  293735ms] [ERROR] Failed to load resource: net::ERR_NAME_NOT_RESOLVED @ https://googleads.g.doubleclick.net/pagead/id:0
[  379071ms] [ERROR] Failed to load resource: net::ERR_NAME_NOT_RESOLVED @ https://googleads.g.doubleclick.net/pagead/id:0
[  379213ms] [ERROR] Failed to load resource: net::ERR_NAME_NOT_RESOLVED @ https://googleads.g.doubleclick.net/pagead/id:0
[  413745ms] [ERROR] Failed to load resource: net::ERR_NAME_NOT_RESOLVED @ https://googleads.g.doubleclick.net/pagead/id:0
[ 4511206ms] [ERROR] Failed to load resource: net::ERR_NAME_NOT_RESOLVED @ https://googleads.g.doubleclick.net/pagead/viewthroughconversion/962985656/?backend=innertube&cname=56&cver=2_20260410&foc_id=5FqCllc0jXW_I7ix5jRIQA&label=followon_view&ptype=no_rmkt&random=607048521&cv_attributed=0:0
[ 4514811ms] [ERROR] Failed to load resource: net::ERR_NAME_NOT_RESOLVED @ https://googleads.g.doubleclick.net/pagead/id:0
[ 4514850ms] [ERROR] Failed to load resource: net::ERR_NAME_NOT_RESOLVED @ https://static.doubleclick.net/instream/ad_status.js:0
[ 4515973ms] [ERROR] Failed to load resource: net::ERR_NAME_NOT_RESOLVED @ https://static.doubleclick.net/instream/ad_status.js:0
[ 4515973ms] [ERROR] Failed to load resource: net::ERR_NAME_NOT_RESOLVED @ https://googleads.g.doubleclick.net/pagead/id:0
[ 4517305ms] [ERROR] Failed to load resource: net::ERR_NAME_NOT_RESOLVED @ https://static.doubleclick.net/instream/ad_status.js:0
[ 4517306ms] [ERROR] Failed to load resource: net::ERR_NAME_NOT_RESOLVED @ https://googleads.g.doubleclick.net/pagead/id:0
[ 4522792ms] [ERROR] Failed to load resource: net::ERR_NAME_NOT_RESOLVED @ https://static.doubleclick.net/instream/ad_status.js:0
[ 4522793ms] [ERROR] Failed to load resource: net::ERR_NAME_NOT_RESOLVED @ https://googleads.g.doubleclick.net/pagead/id:0
[ 4523913ms] [ERROR] Failed to load resource: net::ERR_NAME_NOT_RESOLVED @ https://googleads.g.doubleclick.net/pagead/id:0
[ 4523913ms] [ERROR] Failed to load resource: net::ERR_NAME_NOT_RESOLVED @ https://static.doubleclick.net/instream/ad_status.js:0
[ 4525056ms] [ERROR] Failed to load resource: net::ERR_NAME_NOT_RESOLVED @ https://static.doubleclick.net/instream/ad_status.js:0
[ 4525056ms] [ERROR] Failed to load resource: net::ERR_NAME_NOT_RESOLVED @ https://googleads.g.doubleclick.net/pagead/id:0
[ 4530470ms] [ERROR] Failed to load resource: net::ERR_NAME_NOT_RESOLVED @ https://static.doubleclick.net/instream/ad_status.js:0
[ 4530471ms] [ERROR] Failed to load resource: net::ERR_NAME_NOT_RESOLVED @ https://googleads.g.doubleclick.net/pagead/id:0
[ 4531676ms] [ERROR] Failed to load resource: net::ERR_NAME_NOT_RESOLVED @ https://static.doubleclick.net/instream/ad_status.js:0
[ 4531676ms] [ERROR] Failed to load resource: net::ERR_NAME_NOT_RESOLVED @ https://googleads.g.doubleclick.net/pagead/id:0
[ 4532848ms] [WARNING] Failed to execute 'postMessage' on 'DOMWindow': The target origin provided ('https://www.youtube.com') does not match the recipient window's origin ('http://127.0.0.1:4000'). @ https://www.youtube.com/s/player/8a6e7bc4/www-widgetapi.vflset/www-widgetapi.js:209
[   28974ms] [ERROR] Failed to load resource: net::ERR_NAME_NOT_RESOLVED @ https://googleads.g.doubleclick.net/pagead/id:0
[   28974ms] [ERROR] Failed to load resource: net::ERR_NAME_NOT_RESOLVED @ https://static.doubleclick.net/instream/ad_status.js:0
[   55640ms] [ERROR] Failed to load resource: net::ERR_NAME_NOT_RESOLVED @ https://googleads.g.doubleclick.net/pagead/id:0
[   55640ms] [ERROR] Failed to load resource: net::ERR_NAME_NOT_RESOLVED @ https://static.doubleclick.net/instream/ad_status.js:0
[   55682ms] [ERROR] Failed to load resource: net::ERR_NAME_NOT_RESOLVED @ https://static.doubleclick.net/instream/ad_status.js:0
[   55683ms] [ERROR] Failed to load resource: net::ERR_NAME_NOT_RESOLVED @ https://googleads.g.doubleclick.net/pagead/id:0
[   61060ms] [ERROR] Failed to load resource: net::ERR_NAME_NOT_RESOLVED @ https://googleads.g.doubleclick.net/pagead/id:0
[   61060ms] [ERROR] Failed to load resource: net::ERR_NAME_NOT_RESOLVED @ https://static.doubleclick.net/instream/ad_status.js:0
[   66400ms] [ERROR] Failed to load resource: net::ERR_NAME_NOT_RESOLVED @ https://googleads.g.doubleclick.net/pagead/id:0
[   66400ms] [ERROR] Failed to load resource: net::ERR_NAME_NOT_RESOLVED @ https://static.doubleclick.net/instream/ad_status.js:0
[   71850ms] [ERROR] Failed to load resource: net::ERR_NAME_NOT_RESOLVED @ https://googleads.g.doubleclick.net/pagead/id:0
[   71850ms] [ERROR] Failed to load resource: net::ERR_NAME_NOT_RESOLVED @ https://static.doubleclick.net/instream/ad_status.js:0
[   77308ms] [ERROR] Failed to load resource: net::ERR_NAME_NOT_RESOLVED @ https://static.doubleclick.net/instream/ad_status.js:0
[   77309ms] [ERROR] Failed to load resource: net::ERR_NAME_NOT_RESOLVED @ https://googleads.g.doubleclick.net/pagead/id:0
[   82649ms] [ERROR] Failed to load resource: net::ERR_NAME_NOT_RESOLVED @ https://googleads.g.doubleclick.net/pagead/id:0
[   82650ms] [ERROR] Failed to load resource: net::ERR_NAME_NOT_RESOLVED @ https://static.doubleclick.net/instream/ad_status.js:0
[   88015ms] [ERROR] Failed to load resource: net::ERR_NAME_NOT_RESOLVED @ https://googleads.g.doubleclick.net/pagead/id:0
[   88015ms] [ERROR] Failed to load resource: net::ERR_NAME_NOT_RESOLVED @ https://static.doubleclick.net/instream/ad_status.js:0
[   93591ms] [ERROR] Failed to load resource: net::ERR_NAME_NOT_RESOLVED @ https://static.doubleclick.net/instream/ad_status.js:0
[   93591ms] [ERROR] Failed to load resource: net::ERR_NAME_NOT_RESOLVED @ https://googleads.g.doubleclick.net/pagead/id:0
[   98946ms] [ERROR] Failed to load resource: net::ERR_NAME_NOT_RESOLVED @ https://googleads.g.doubleclick.net/pagead/id:0
[   98946ms] [ERROR] Failed to load resource: net::ERR_NAME_NOT_RESOLVED @ https://static.doubleclick.net/instream/ad_status.js:0
[  104772ms] [ERROR] Failed to load resource: net::ERR_NAME_NOT_RESOLVED @ https://static.doubleclick.net/instream/ad_status.js:0
[  104772ms] [ERROR] Failed to load resource: net::ERR_NAME_NOT_RESOLVED @ https://googleads.g.doubleclick.net/pagead/id:0
[  110139ms] [ERROR] Failed to load resource: net::ERR_NAME_NOT_RESOLVED @ https://static.doubleclick.net/instream/ad_status.js:0
[  110139ms] [ERROR] Failed to load resource: net::ERR_NAME_NOT_RESOLVED @ https://googleads.g.doubleclick.net/pagead/id:0
[  115664ms] [ERROR] Failed to load resource: net::ERR_NAME_NOT_RESOLVED @ https://static.doubleclick.net/instream/ad_status.js:0
[  115664ms] [ERROR] Failed to load resource: net::ERR_NAME_NOT_RESOLVED @ https://googleads.g.doubleclick.net/pagead/id:0
[  121007ms] [ERROR] Failed to load resource: net::ERR_NAME_NOT_RESOLVED @ https://googleads.g.doubleclick.net/pagead/id:0
[  121007ms] [ERROR] Failed to load resource: net::ERR_NAME_NOT_RESOLVED @ https://static.doubleclick.net/instream/ad_status.js:0
[  126370ms] [ERROR] Failed to load resource: net::ERR_NAME_NOT_RESOLVED @ https://googleads.g.doubleclick.net/pagead/id:0
[  126370ms] [ERROR] Failed to load resource: net::ERR_NAME_NOT_RESOLVED @ https://static.doubleclick.net/instream/ad_status.js:0
[  131713ms] [ERROR] Failed to load resource: net::ERR_NAME_NOT_RESOLVED @ https://static.doubleclick.net/instream/ad_status.js:0
[  131714ms] [ERROR] Failed to load resource: net::ERR_NAME_NOT_RESOLVED @ https://googleads.g.doubleclick.net/pagead/id:0
[  137082ms] [ERROR] Failed to load resource: net::ERR_NAME_NOT_RESOLVED @ https://googleads.g.doubleclick.net/pagead/id:0
[  137082ms] [ERROR] Failed to load resource: net::ERR_NAME_NOT_RESOLVED @ https://static.doubleclick.net/instream/ad_status.js:0
[  139042ms] [ERROR] Failed to load resource: net::ERR_NAME_NOT_RESOLVED @ https://googleads.g.doubleclick.net/pagead/id:0
[  139042ms] [ERROR] Failed to load resource: net::ERR_NAME_NOT_RESOLVED @ https://static.doubleclick.net/instream/ad_status.js:0
[  139119ms] [ERROR] Failed to load resource: net::ERR_NAME_NOT_RESOLVED @ https://googleads.g.doubleclick.net/pagead/id:0
[  139119ms] [ERROR] Failed to load resource: net::ERR_NAME_NOT_RESOLVED @ https://static.doubleclick.net/instream/ad_status.js:0
[  139192ms] [ERROR] Failed to load resource: net::ERR_NAME_NOT_RESOLVED @ https://static.doubleclick.net/instream/ad_status.js:0
[  139193ms] [ERROR] Failed to load resource: net::ERR_NAME_NOT_RESOLVED @ https://googleads.g.doubleclick.net/pagead/id:0
[  144468ms] [ERROR] Failed to load resource: net::ERR_NAME_NOT_RESOLVED @ https://googleads.g.doubleclick.net/pagead/id:0
[  144468ms] [ERROR] Failed to load resource: net::ERR_NAME_NOT_RESOLVED @ https://static.doubleclick.net/instream/ad_status.js:0
[  149814ms] [ERROR] Failed to load resource: net::ERR_NAME_NOT_RESOLVED @ https://googleads.g.doubleclick.net/pagead/id:0
[  149814ms] [ERROR] Failed to load resource: net::ERR_NAME_NOT_RESOLVED @ https://static.doubleclick.net/instream/ad_status.js:0
[  155140ms] [ERROR] Failed to load resource: net::ERR_NAME_NOT_RESOLVED @ https://googleads.g.doubleclick.net/pagead/id:0
[  155140ms] [ERROR] Failed to load resource: net::ERR_NAME_NOT_RESOLVED @ https://static.doubleclick.net/instream/ad_status.js:0
[  160469ms] [ERROR] Failed to load resource: net::ERR_NAME_NOT_RESOLVED @ https://static.doubleclick.net/instream/ad_status.js:0
[  160470ms] [ERROR] Failed to load resource: net::ERR_NAME_NOT_RESOLVED @ https://googleads.g.doubleclick.net/pagead/id:0
[  165810ms] [ERROR] Failed to load resource: net::ERR_NAME_NOT_RESOLVED @ https://googleads.g.doubleclick.net/pagead/id:0
[  165810ms] [ERROR] Failed to load resource: net::ERR_NAME_NOT_RESOLVED @ https://static.doubleclick.net/instream/ad_status.js:0
[  171144ms] [ERROR] Failed to load resource: net::ERR_NAME_NOT_RESOLVED @ https://googleads.g.doubleclick.net/pagead/id:0
[  171144ms] [ERROR] Failed to load resource: net::ERR_NAME_NOT_RESOLVED @ https://static.doubleclick.net/instream/ad_status.js:0
[  173723ms] [ERROR] Failed to load resource: net::ERR_NAME_NOT_RESOLVED @ https://googleads.g.doubleclick.net/pagead/id:0
[  173723ms] [ERROR] Failed to load resource: net::ERR_NAME_NOT_RESOLVED @ https://static.doubleclick.net/instream/ad_status.js:0
[  259058ms] [ERROR] Failed to load resource: net::ERR_NAME_NOT_RESOLVED @ https://googleads.g.doubleclick.net/pagead/id:0
[  259206ms] [ERROR] Failed to load resource: net::ERR_NAME_NOT_RESOLVED @ https://googleads.g.doubleclick.net/pagead/id:0
[  293735ms] [ERROR] Failed to load resource: net::ERR_NAME_NOT_RESOLVED @ https://googleads.g.doubleclick.net/pagead/id:0
[  379071ms] [ERROR] Failed to load resource: net::ERR_NAME_NOT_RESOLVED @ https://googleads.g.doubleclick.net/pagead/id:0
[  379213ms] [ERROR] Failed to load resource: net::ERR_NAME_NOT_RESOLVED @ https://googleads.g.doubleclick.net/pagead/id:0
[  413745ms] [ERROR] Failed to load resource: net::ERR_NAME_NOT_RESOLVED @ https://googleads.g.doubleclick.net/pagead/id:0
[ 4511206ms] [ERROR] Failed to load resource: net::ERR_NAME_NOT_RESOLVED @ https://googleads.g.doubleclick.net/pagead/viewthroughconversion/962985656/?backend=innertube&cname=56&cver=2_20260410&foc_id=5FqCllc0jXW_I7ix5jRIQA&label=followon_view&ptype=no_rmkt&random=607048521&cv_attributed=0:0
[ 4514811ms] [ERROR] Failed to load resource: net::ERR_NAME_NOT_RESOLVED @ https://googleads.g.doubleclick.net/pagead/id:0
[ 4514850ms] [ERROR] Failed to load resource: net::ERR_NAME_NOT_RESOLVED @ https://static.doubleclick.net/instream/ad_status.js:0
[ 4515973ms] [ERROR] Failed to load resource: net::ERR_NAME_NOT_RESOLVED @ https://static.doubleclick.net/instream/ad_status.js:0
[ 4515973ms] [ERROR] Failed to load resource: net::ERR_NAME_NOT_RESOLVED @ https://googleads.g.doubleclick.net/pagead/id:0
[ 4517305ms] [ERROR] Failed to load resource: net::ERR_NAME_NOT_RESOLVED @ https://static.doubleclick.net/instream/ad_status.js:0
[ 4517306ms] [ERROR] Failed to load resource: net::ERR_NAME_NOT_RESOLVED @ https://googleads.g.doubleclick.net/pagead/id:0
[ 4522792ms] [ERROR] Failed to load resource: net::ERR_NAME_NOT_RESOLVED @ https://static.doubleclick.net/instream/ad_status.js:0
[ 4522793ms] [ERROR] Failed to load resource: net::ERR_NAME_NOT_RESOLVED @ https://googleads.g.doubleclick.net/pagead/id:0
[ 4523913ms] [ERROR] Failed to load resource: net::ERR_NAME_NOT_RESOLVED @ https://googleads.g.doubleclick.net/pagead/id:0
[ 4523913ms] [ERROR] Failed to load resource: net::ERR_NAME_NOT_RESOLVED @ https://static.doubleclick.net/instream/ad_status.js:0
[ 4525056ms] [ERROR] Failed to load resource: net::ERR_NAME_NOT_RESOLVED @ https://static.doubleclick.net/instream/ad_status.js:0
[ 4525056ms] [ERROR] Failed to load resource: net::ERR_NAME_NOT_RESOLVED @ https://googleads.g.doubleclick.net/pagead/id:0
[ 4530470ms] [ERROR] Failed to load resource: net::ERR_NAME_NOT_RESOLVED @ https://static.doubleclick.net/instream/ad_status.js:0
[ 4530471ms] [ERROR] Failed to load resource: net::ERR_NAME_NOT_RESOLVED @ https://googleads.g.doubleclick.net/pagead/id:0
[ 4531676ms] [ERROR] Failed to load resource: net::ERR_NAME_NOT_RESOLVED @ https://static.doubleclick.net/instream/ad_status.js:0
[ 4531676ms] [ERROR] Failed to load resource: net::ERR_NAME_NOT_RESOLVED @ https://googleads.g.doubleclick.net/pagead/id:0
[ 4532983ms] [ERROR] Failed to load resource: net::ERR_NAME_NOT_RESOLVED @ https://static.doubleclick.net/instream/ad_status.js:0
[ 4532983ms] [ERROR] Failed to load resource: net::ERR_NAME_NOT_RESOLVED @ https://googleads.g.doubleclick.net/pagead/id:0
[ 4538252ms] [WARNING] Failed to execute 'postMessage' on 'DOMWindow': The target origin provided ('https://www.youtube.com') does not match the recipient window's origin ('http://127.0.0.1:4000'). @ https://www.youtube.com/s/player/8a6e7bc4/www-widgetapi.vflset/www-widgetapi.js:209
[   28974ms] [ERROR] Failed to load resource: net::ERR_NAME_NOT_RESOLVED @ https://googleads.g.doubleclick.net/pagead/id:0
[   28974ms] [ERROR] Failed to load resource: net::ERR_NAME_NOT_RESOLVED @ https://static.doubleclick.net/instream/ad_status.js:0
[   55640ms] [ERROR] Failed to load resource: net::ERR_NAME_NOT_RESOLVED @ https://googleads.g.doubleclick.net/pagead/id:0
[   55640ms] [ERROR] Failed to load resource: net::ERR_NAME_NOT_RESOLVED @ https://static.doubleclick.net/instream/ad_status.js:0
[   55682ms] [ERROR] Failed to load resource: net::ERR_NAME_NOT_RESOLVED @ https://static.doubleclick.net/instream/ad_status.js:0
[   55683ms] [ERROR] Failed to load resource: net::ERR_NAME_NOT_RESOLVED @ https://googleads.g.doubleclick.net/pagead/id:0
[   61060ms] [ERROR] Failed to load resource: net::ERR_NAME_NOT_RESOLVED @ https://googleads.g.doubleclick.net/pagead/id:0
[   61060ms] [ERROR] Failed to load resource: net::ERR_NAME_NOT_RESOLVED @ https://static.doubleclick.net/instream/ad_status.js:0
[   66400ms] [ERROR] Failed to load resource: net::ERR_NAME_NOT_RESOLVED @ https://googleads.g.doubleclick.net/pagead/id:0
[   66400ms] [ERROR] Failed to load resource: net::ERR_NAME_NOT_RESOLVED @ https://static.doubleclick.net/instream/ad_status.js:0
[   71850ms] [ERROR] Failed to load resource: net::ERR_NAME_NOT_RESOLVED @ https://googleads.g.doubleclick.net/pagead/id:0
[   71850ms] [ERROR] Failed to load resource: net::ERR_NAME_NOT_RESOLVED @ https://static.doubleclick.net/instream/ad_status.js:0
[   77308ms] [ERROR] Failed to load resource: net::ERR_NAME_NOT_RESOLVED @ https://static.doubleclick.net/instream/ad_status.js:0
[   77309ms] [ERROR] Failed to load resource: net::ERR_NAME_NOT_RESOLVED @ https://googleads.g.doubleclick.net/pagead/id:0
[   82649ms] [ERROR] Failed to load resource: net::ERR_NAME_NOT_RESOLVED @ https://googleads.g.doubleclick.net/pagead/id:0
[   82650ms] [ERROR] Failed to load resource: net::ERR_NAME_NOT_RESOLVED @ https://static.doubleclick.net/instream/ad_status.js:0
[   88015ms] [ERROR] Failed to load resource: net::ERR_NAME_NOT_RESOLVED @ https://googleads.g.doubleclick.net/pagead/id:0
[   88015ms] [ERROR] Failed to load resource: net::ERR_NAME_NOT_RESOLVED @ https://static.doubleclick.net/instream/ad_status.js:0
[   93591ms] [ERROR] Failed to load resource: net::ERR_NAME_NOT_RESOLVED @ https://static.doubleclick.net/instream/ad_status.js:0
[   93591ms] [ERROR] Failed to load resource: net::ERR_NAME_NOT_RESOLVED @ https://googleads.g.doubleclick.net/pagead/id:0
[   98946ms] [ERROR] Failed to load resource: net::ERR_NAME_NOT_RESOLVED @ https://googleads.g.doubleclick.net/pagead/id:0
[   98946ms] [ERROR] Failed to load resource: net::ERR_NAME_NOT_RESOLVED @ https://static.doubleclick.net/instream/ad_status.js:0
[  104772ms] [ERROR] Failed to load resource: net::ERR_NAME_NOT_RESOLVED @ https://static.doubleclick.net/instream/ad_status.js:0
[  104772ms] [ERROR] Failed to load resource: net::ERR_NAME_NOT_RESOLVED @ https://googleads.g.doubleclick.net/pagead/id:0
[  110139ms] [ERROR] Failed to load resource: net::ERR_NAME_NOT_RESOLVED @ https://static.doubleclick.net/instream/ad_status.js:0
[  110139ms] [ERROR] Failed to load resource: net::ERR_NAME_NOT_RESOLVED @ https://googleads.g.doubleclick.net/pagead/id:0
[  115664ms] [ERROR] Failed to load resource: net::ERR_NAME_NOT_RESOLVED @ https://static.doubleclick.net/instream/ad_status.js:0
[  115664ms] [ERROR] Failed to load resource: net::ERR_NAME_NOT_RESOLVED @ https://googleads.g.doubleclick.net/pagead/id:0
[  121007ms] [ERROR] Failed to load resource: net::ERR_NAME_NOT_RESOLVED @ https://googleads.g.doubleclick.net/pagead/id:0
[  121007ms] [ERROR] Failed to load resource: net::ERR_NAME_NOT_RESOLVED @ https://static.doubleclick.net/instream/ad_status.js:0
[  126370ms] [ERROR] Failed to load resource: net::ERR_NAME_NOT_RESOLVED @ https://googleads.g.doubleclick.net/pagead/id:0
[  126370ms] [ERROR] Failed to load resource: net::ERR_NAME_NOT_RESOLVED @ https://static.doubleclick.net/instream/ad_status.js:0
[  131713ms] [ERROR] Failed to load resource: net::ERR_NAME_NOT_RESOLVED @ https://static.doubleclick.net/instream/ad_status.js:0
[  131714ms] [ERROR] Failed to load resource: net::ERR_NAME_NOT_RESOLVED @ https://googleads.g.doubleclick.net/pagead/id:0
[  137082ms] [ERROR] Failed to load resource: net::ERR_NAME_NOT_RESOLVED @ https://googleads.g.doubleclick.net/pagead/id:0
[  137082ms] [ERROR] Failed to load resource: net::ERR_NAME_NOT_RESOLVED @ https://static.doubleclick.net/instream/ad_status.js:0
[  139042ms] [ERROR] Failed to load resource: net::ERR_NAME_NOT_RESOLVED @ https://googleads.g.doubleclick.net/pagead/id:0
[  139042ms] [ERROR] Failed to load resource: net::ERR_NAME_NOT_RESOLVED @ https://static.doubleclick.net/instream/ad_status.js:0
[  139119ms] [ERROR] Failed to load resource: net::ERR_NAME_NOT_RESOLVED @ https://googleads.g.doubleclick.net/pagead/id:0
[  139119ms] [ERROR] Failed to load resource: net::ERR_NAME_NOT_RESOLVED @ https://static.doubleclick.net/instream/ad_status.js:0
[  139192ms] [ERROR] Failed to load resource: net::ERR_NAME_NOT_RESOLVED @ https://static.doubleclick.net/instream/ad_status.js:0
[  139193ms] [ERROR] Failed to load resource: net::ERR_NAME_NOT_RESOLVED @ https://googleads.g.doubleclick.net/pagead/id:0
[  144468ms] [ERROR] Failed to load resource: net::ERR_NAME_NOT_RESOLVED @ https://googleads.g.doubleclick.net/pagead/id:0
[  144468ms] [ERROR] Failed to load resource: net::ERR_NAME_NOT_RESOLVED @ https://static.doubleclick.net/instream/ad_status.js:0
[  149814ms] [ERROR] Failed to load resource: net::ERR_NAME_NOT_RESOLVED @ https://googleads.g.doubleclick.net/pagead/id:0
[  149814ms] [ERROR] Failed to load resource: net::ERR_NAME_NOT_RESOLVED @ https://static.doubleclick.net/instream/ad_status.js:0
[  155140ms] [ERROR] Failed to load resource: net::ERR_NAME_NOT_RESOLVED @ https://googleads.g.doubleclick.net/pagead/id:0
[  155140ms] [ERROR] Failed to load resource: net::ERR_NAME_NOT_RESOLVED @ https://static.doubleclick.net/instream/ad_status.js:0
[  160469ms] [ERROR] Failed to load resource: net::ERR_NAME_NOT_RESOLVED @ https://static.doubleclick.net/instream/ad_status.js:0
[  160470ms] [ERROR] Failed to load resource: net::ERR_NAME_NOT_RESOLVED @ https://googleads.g.doubleclick.net/pagead/id:0
[  165810ms] [ERROR] Failed to load resource: net::ERR_NAME_NOT_RESOLVED @ https://googleads.g.doubleclick.net/pagead/id:0
[  165810ms] [ERROR] Failed to load resource: net::ERR_NAME_NOT_RESOLVED @ https://static.doubleclick.net/instream/ad_status.js:0
[  171144ms] [ERROR] Failed to load resource: net::ERR_NAME_NOT_RESOLVED @ https://googleads.g.doubleclick.net/pagead/id:0
[  171144ms] [ERROR] Failed to load resource: net::ERR_NAME_NOT_RESOLVED @ https://static.doubleclick.net/instream/ad_status.js:0
[  173723ms] [ERROR] Failed to load resource: net::ERR_NAME_NOT_RESOLVED @ https://googleads.g.doubleclick.net/pagead/id:0
[  173723ms] [ERROR] Failed to load resource: net::ERR_NAME_NOT_RESOLVED @ https://static.doubleclick.net/instream/ad_status.js:0
[  259058ms] [ERROR] Failed to load resource: net::ERR_NAME_NOT_RESOLVED @ https://googleads.g.doubleclick.net/pagead/id:0
[  259206ms] [ERROR] Failed to load resource: net::ERR_NAME_NOT_RESOLVED @ https://googleads.g.doubleclick.net/pagead/id:0
[  293735ms] [ERROR] Failed to load resource: net::ERR_NAME_NOT_RESOLVED @ https://googleads.g.doubleclick.net/pagead/id:0
[  379071ms] [ERROR] Failed to load resource: net::ERR_NAME_NOT_RESOLVED @ https://googleads.g.doubleclick.net/pagead/id:0
[  379213ms] [ERROR] Failed to load resource: net::ERR_NAME_NOT_RESOLVED @ https://googleads.g.doubleclick.net/pagead/id:0
[  413745ms] [ERROR] Failed to load resource: net::ERR_NAME_NOT_RESOLVED @ https://googleads.g.doubleclick.net/pagead/id:0
[ 4511206ms] [ERROR] Failed to load resource: net::ERR_NAME_NOT_RESOLVED @ https://googleads.g.doubleclick.net/pagead/viewthroughconversion/962985656/?backend=innertube&cname=56&cver=2_20260410&foc_id=5FqCllc0jXW_I7ix5jRIQA&label=followon_view&ptype=no_rmkt&random=607048521&cv_attributed=0:0
[ 4514811ms] [ERROR] Failed to load resource: net::ERR_NAME_NOT_RESOLVED @ https://googleads.g.doubleclick.net/pagead/id:0
[ 4514850ms] [ERROR] Failed to load resource: net::ERR_NAME_NOT_RESOLVED @ https://static.doubleclick.net/instream/ad_status.js:0
[ 4515973ms] [ERROR] Failed to load resource: net::ERR_NAME_NOT_RESOLVED @ https://static.doubleclick.net/instream/ad_status.js:0
[ 4515973ms] [ERROR] Failed to load resource: net::ERR_NAME_NOT_RESOLVED @ https://googleads.g.doubleclick.net/pagead/id:0
[ 4517305ms] [ERROR] Failed to load resource: net::ERR_NAME_NOT_RESOLVED @ https://static.doubleclick.net/instream/ad_status.js:0
[ 4517306ms] [ERROR] Failed to load resource: net::ERR_NAME_NOT_RESOLVED @ https://googleads.g.doubleclick.net/pagead/id:0
[ 4522792ms] [ERROR] Failed to load resource: net::ERR_NAME_NOT_RESOLVED @ https://static.doubleclick.net/instream/ad_status.js:0
[ 4522793ms] [ERROR] Failed to load resource: net::ERR_NAME_NOT_RESOLVED @ https://googleads.g.doubleclick.net/pagead/id:0
[ 4523913ms] [ERROR] Failed to load resource: net::ERR_NAME_NOT_RESOLVED @ https://googleads.g.doubleclick.net/pagead/id:0
[ 4523913ms] [ERROR] Failed to load resource: net::ERR_NAME_NOT_RESOLVED @ https://static.doubleclick.net/instream/ad_status.js:0
[ 4525056ms] [ERROR] Failed to load resource: net::ERR_NAME_NOT_RESOLVED @ https://static.doubleclick.net/instream/ad_status.js:0
[ 4525056ms] [ERROR] Failed to load resource: net::ERR_NAME_NOT_RESOLVED @ https://googleads.g.doubleclick.net/pagead/id:0
[ 4530470ms] [ERROR] Failed to load resource: net::ERR_NAME_NOT_RESOLVED @ https://static.doubleclick.net/instream/ad_status.js:0
[ 4530471ms] [ERROR] Failed to load resource: net::ERR_NAME_NOT_RESOLVED @ https://googleads.g.doubleclick.net/pagead/id:0
[ 4531676ms] [ERROR] Failed to load resource: net::ERR_NAME_NOT_RESOLVED @ https://static.doubleclick.net/instream/ad_status.js:0
[ 4531676ms] [ERROR] Failed to load resource: net::ERR_NAME_NOT_RESOLVED @ https://googleads.g.doubleclick.net/pagead/id:0
[ 4532983ms] [ERROR] Failed to load resource: net::ERR_NAME_NOT_RESOLVED @ https://static.doubleclick.net/instream/ad_status.js:0
[ 4532983ms] [ERROR] Failed to load resource: net::ERR_NAME_NOT_RESOLVED @ https://googleads.g.doubleclick.net/pagead/id:0
[ 4538452ms] [ERROR] Failed to load resource: net::ERR_NAME_NOT_RESOLVED @ https://static.doubleclick.net/instream/ad_status.js:0
[ 4538452ms] [ERROR] Failed to load resource: net::ERR_NAME_NOT_RESOLVED @ https://googleads.g.doubleclick.net/pagead/id:0
[ 4539598ms] [WARNING] Failed to execute 'postMessage' on 'DOMWindow': The target origin provided ('https://www.youtube.com') does not match the recipient window's origin ('http://127.0.0.1:4000'). @ https://www.youtube.com/s/player/8a6e7bc4/www-widgetapi.vflset/www-widgetapi.js:209
[   28974ms] [ERROR] Failed to load resource: net::ERR_NAME_NOT_RESOLVED @ https://googleads.g.doubleclick.net/pagead/id:0
[   28974ms] [ERROR] Failed to load resource: net::ERR_NAME_NOT_RESOLVED @ https://static.doubleclick.net/instream/ad_status.js:0
[   55640ms] [ERROR] Failed to load resource: net::ERR_NAME_NOT_RESOLVED @ https://googleads.g.doubleclick.net/pagead/id:0
[   55640ms] [ERROR] Failed to load resource: net::ERR_NAME_NOT_RESOLVED @ https://static.doubleclick.net/instream/ad_status.js:0
[   55682ms] [ERROR] Failed to load resource: net::ERR_NAME_NOT_RESOLVED @ https://static.doubleclick.net/instream/ad_status.js:0
[   55683ms] [ERROR] Failed to load resource: net::ERR_NAME_NOT_RESOLVED @ https://googleads.g.doubleclick.net/pagead/id:0
[   61060ms] [ERROR] Failed to load resource: net::ERR_NAME_NOT_RESOLVED @ https://googleads.g.doubleclick.net/pagead/id:0
[   61060ms] [ERROR] Failed to load resource: net::ERR_NAME_NOT_RESOLVED @ https://static.doubleclick.net/instream/ad_status.js:0
[   66400ms] [ERROR] Failed to load resource: net::ERR_NAME_NOT_RESOLVED @ https://googleads.g.doubleclick.net/pagead/id:0
[   66400ms] [ERROR] Failed to load resource: net::ERR_NAME_NOT_RESOLVED @ https://static.doubleclick.net/instream/ad_status.js:0
[   71850ms] [ERROR] Failed to load resource: net::ERR_NAME_NOT_RESOLVED @ https://googleads.g.doubleclick.net/pagead/id:0
[   71850ms] [ERROR] Failed to load resource: net::ERR_NAME_NOT_RESOLVED @ https://static.doubleclick.net/instream/ad_status.js:0
[   77308ms] [ERROR] Failed to load resource: net::ERR_NAME_NOT_RESOLVED @ https://static.doubleclick.net/instream/ad_status.js:0
[   77309ms] [ERROR] Failed to load resource: net::ERR_NAME_NOT_RESOLVED @ https://googleads.g.doubleclick.net/pagead/id:0
[   82649ms] [ERROR] Failed to load resource: net::ERR_NAME_NOT_RESOLVED @ https://googleads.g.doubleclick.net/pagead/id:0
[   82650ms] [ERROR] Failed to load resource: net::ERR_NAME_NOT_RESOLVED @ https://static.doubleclick.net/instream/ad_status.js:0
[   88015ms] [ERROR] Failed to load resource: net::ERR_NAME_NOT_RESOLVED @ https://googleads.g.doubleclick.net/pagead/id:0
[   88015ms] [ERROR] Failed to load resource: net::ERR_NAME_NOT_RESOLVED @ https://static.doubleclick.net/instream/ad_status.js:0
[   93591ms] [ERROR] Failed to load resource: net::ERR_NAME_NOT_RESOLVED @ https://static.doubleclick.net/instream/ad_status.js:0
[   93591ms] [ERROR] Failed to load resource: net::ERR_NAME_NOT_RESOLVED @ https://googleads.g.doubleclick.net/pagead/id:0
[   98946ms] [ERROR] Failed to load resource: net::ERR_NAME_NOT_RESOLVED @ https://googleads.g.doubleclick.net/pagead/id:0
[   98946ms] [ERROR] Failed to load resource: net::ERR_NAME_NOT_RESOLVED @ https://static.doubleclick.net/instream/ad_status.js:0
[  104772ms] [ERROR] Failed to load resource: net::ERR_NAME_NOT_RESOLVED @ https://static.doubleclick.net/instream/ad_status.js:0
[  104772ms] [ERROR] Failed to load resource: net::ERR_NAME_NOT_RESOLVED @ https://googleads.g.doubleclick.net/pagead/id:0
[  110139ms] [ERROR] Failed to load resource: net::ERR_NAME_NOT_RESOLVED @ https://static.doubleclick.net/instream/ad_status.js:0
[  110139ms] [ERROR] Failed to load resource: net::ERR_NAME_NOT_RESOLVED @ https://googleads.g.doubleclick.net/pagead/id:0
[  115664ms] [ERROR] Failed to load resource: net::ERR_NAME_NOT_RESOLVED @ https://static.doubleclick.net/instream/ad_status.js:0
[  115664ms] [ERROR] Failed to load resource: net::ERR_NAME_NOT_RESOLVED @ https://googleads.g.doubleclick.net/pagead/id:0
[  121007ms] [ERROR] Failed to load resource: net::ERR_NAME_NOT_RESOLVED @ https://googleads.g.doubleclick.net/pagead/id:0
[  121007ms] [ERROR] Failed to load resource: net::ERR_NAME_NOT_RESOLVED @ https://static.doubleclick.net/instream/ad_status.js:0
[  126370ms] [ERROR] Failed to load resource: net::ERR_NAME_NOT_RESOLVED @ https://googleads.g.doubleclick.net/pagead/id:0
[  126370ms] [ERROR] Failed to load resource: net::ERR_NAME_NOT_RESOLVED @ https://static.doubleclick.net/instream/ad_status.js:0
[  131713ms] [ERROR] Failed to load resource: net::ERR_NAME_NOT_RESOLVED @ https://static.doubleclick.net/instream/ad_status.js:0
[  131714ms] [ERROR] Failed to load resource: net::ERR_NAME_NOT_RESOLVED @ https://googleads.g.doubleclick.net/pagead/id:0
[  137082ms] [ERROR] Failed to load resource: net::ERR_NAME_NOT_RESOLVED @ https://googleads.g.doubleclick.net/pagead/id:0
[  137082ms] [ERROR] Failed to load resource: net::ERR_NAME_NOT_RESOLVED @ https://static.doubleclick.net/instream/ad_status.js:0
[  139042ms] [ERROR] Failed to load resource: net::ERR_NAME_NOT_RESOLVED @ https://googleads.g.doubleclick.net/pagead/id:0
[  139042ms] [ERROR] Failed to load resource: net::ERR_NAME_NOT_RESOLVED @ https://static.doubleclick.net/instream/ad_status.js:0
[  139119ms] [ERROR] Failed to load resource: net::ERR_NAME_NOT_RESOLVED @ https://googleads.g.doubleclick.net/pagead/id:0
[  139119ms] [ERROR] Failed to load resource: net::ERR_NAME_NOT_RESOLVED @ https://static.doubleclick.net/instream/ad_status.js:0
[  139192ms] [ERROR] Failed to load resource: net::ERR_NAME_NOT_RESOLVED @ https://static.doubleclick.net/instream/ad_status.js:0
[  139193ms] [ERROR] Failed to load resource: net::ERR_NAME_NOT_RESOLVED @ https://googleads.g.doubleclick.net/pagead/id:0
[  144468ms] [ERROR] Failed to load resource: net::ERR_NAME_NOT_RESOLVED @ https://googleads.g.doubleclick.net/pagead/id:0
[  144468ms] [ERROR] Failed to load resource: net::ERR_NAME_NOT_RESOLVED @ https://static.doubleclick.net/instream/ad_status.js:0
[  149814ms] [ERROR] Failed to load resource: net::ERR_NAME_NOT_RESOLVED @ https://googleads.g.doubleclick.net/pagead/id:0
[  149814ms] [ERROR] Failed to load resource: net::ERR_NAME_NOT_RESOLVED @ https://static.doubleclick.net/instream/ad_status.js:0
[  155140ms] [ERROR] Failed to load resource: net::ERR_NAME_NOT_RESOLVED @ https://googleads.g.doubleclick.net/pagead/id:0
[  155140ms] [ERROR] Failed to load resource: net::ERR_NAME_NOT_RESOLVED @ https://static.doubleclick.net/instream/ad_status.js:0
[  160469ms] [ERROR] Failed to load resource: net::ERR_NAME_NOT_RESOLVED @ https://static.doubleclick.net/instream/ad_status.js:0
[  160470ms] [ERROR] Failed to load resource: net::ERR_NAME_NOT_RESOLVED @ https://googleads.g.doubleclick.net/pagead/id:0
[  165810ms] [ERROR] Failed to load resource: net::ERR_NAME_NOT_RESOLVED @ https://googleads.g.doubleclick.net/pagead/id:0
[  165810ms] [ERROR] Failed to load resource: net::ERR_NAME_NOT_RESOLVED @ https://static.doubleclick.net/instream/ad_status.js:0
[  171144ms] [ERROR] Failed to load resource: net::ERR_NAME_NOT_RESOLVED @ https://googleads.g.doubleclick.net/pagead/id:0
[  171144ms] [ERROR] Failed to load resource: net::ERR_NAME_NOT_RESOLVED @ https://static.doubleclick.net/instream/ad_status.js:0
[  173723ms] [ERROR] Failed to load resource: net::ERR_NAME_NOT_RESOLVED @ https://googleads.g.doubleclick.net/pagead/id:0
[  173723ms] [ERROR] Failed to load resource: net::ERR_NAME_NOT_RESOLVED @ https://static.doubleclick.net/instream/ad_status.js:0
[  259058ms] [ERROR] Failed to load resource: net::ERR_NAME_NOT_RESOLVED @ https://googleads.g.doubleclick.net/pagead/id:0
[  259206ms] [ERROR] Failed to load resource: net::ERR_NAME_NOT_RESOLVED @ https://googleads.g.doubleclick.net/pagead/id:0
[  293735ms] [ERROR] Failed to load resource: net::ERR_NAME_NOT_RESOLVED @ https://googleads.g.doubleclick.net/pagead/id:0
[  379071ms] [ERROR] Failed to load resource: net::ERR_NAME_NOT_RESOLVED @ https://googleads.g.doubleclick.net/pagead/id:0
[  379213ms] [ERROR] Failed to load resource: net::ERR_NAME_NOT_RESOLVED @ https://googleads.g.doubleclick.net/pagead/id:0
[  413745ms] [ERROR] Failed to load resource: net::ERR_NAME_NOT_RESOLVED @ https://googleads.g.doubleclick.net/pagead/id:0
[ 4511206ms] [ERROR] Failed to load resource: net::ERR_NAME_NOT_RESOLVED @ https://googleads.g.doubleclick.net/pagead/viewthroughconversion/962985656/?backend=innertube&cname=56&cver=2_20260410&foc_id=5FqCllc0jXW_I7ix5jRIQA&label=followon_view&ptype=no_rmkt&random=607048521&cv_attributed=0:0
[ 4514811ms] [ERROR] Failed to load resource: net::ERR_NAME_NOT_RESOLVED @ https://googleads.g.doubleclick.net/pagead/id:0
[ 4514850ms] [ERROR] Failed to load resource: net::ERR_NAME_NOT_RESOLVED @ https://static.doubleclick.net/instream/ad_status.js:0
[ 4515973ms] [ERROR] Failed to load resource: net::ERR_NAME_NOT_RESOLVED @ https://static.doubleclick.net/instream/ad_status.js:0
[ 4515973ms] [ERROR] Failed to load resource: net::ERR_NAME_NOT_RESOLVED @ https://googleads.g.doubleclick.net/pagead/id:0
[ 4517305ms] [ERROR] Failed to load resource: net::ERR_NAME_NOT_RESOLVED @ https://static.doubleclick.net/instream/ad_status.js:0
[ 4517306ms] [ERROR] Failed to load resource: net::ERR_NAME_NOT_RESOLVED @ https://googleads.g.doubleclick.net/pagead/id:0
[ 4522792ms] [ERROR] Failed to load resource: net::ERR_NAME_NOT_RESOLVED @ https://static.doubleclick.net/instream/ad_status.js:0
[ 4522793ms] [ERROR] Failed to load resource: net::ERR_NAME_NOT_RESOLVED @ https://googleads.g.doubleclick.net/pagead/id:0
[ 4523913ms] [ERROR] Failed to load resource: net::ERR_NAME_NOT_RESOLVED @ https://googleads.g.doubleclick.net/pagead/id:0
[ 4523913ms] [ERROR] Failed to load resource: net::ERR_NAME_NOT_RESOLVED @ https://static.doubleclick.net/instream/ad_status.js:0
[ 4525056ms] [ERROR] Failed to load resource: net::ERR_NAME_NOT_RESOLVED @ https://static.doubleclick.net/instream/ad_status.js:0
[ 4525056ms] [ERROR] Failed to load resource: net::ERR_NAME_NOT_RESOLVED @ https://googleads.g.doubleclick.net/pagead/id:0
[ 4530470ms] [ERROR] Failed to load resource: net::ERR_NAME_NOT_RESOLVED @ https://static.doubleclick.net/instream/ad_status.js:0
[ 4530471ms] [ERROR] Failed to load resource: net::ERR_NAME_NOT_RESOLVED @ https://googleads.g.doubleclick.net/pagead/id:0
[ 4531676ms] [ERROR] Failed to load resource: net::ERR_NAME_NOT_RESOLVED @ https://static.doubleclick.net/instream/ad_status.js:0
[ 4531676ms] [ERROR] Failed to load resource: net::ERR_NAME_NOT_RESOLVED @ https://googleads.g.doubleclick.net/pagead/id:0
[ 4532983ms] [ERROR] Failed to load resource: net::ERR_NAME_NOT_RESOLVED @ https://static.doubleclick.net/instream/ad_status.js:0
[ 4532983ms] [ERROR] Failed to load resource: net::ERR_NAME_NOT_RESOLVED @ https://googleads.g.doubleclick.net/pagead/id:0
[ 4538452ms] [ERROR] Failed to load resource: net::ERR_NAME_NOT_RESOLVED @ https://static.doubleclick.net/instream/ad_status.js:0
[ 4538452ms] [ERROR] Failed to load resource: net::ERR_NAME_NOT_RESOLVED @ https://googleads.g.doubleclick.net/pagead/id:0
[ 4539704ms] [ERROR] Failed to load resource: net::ERR_NAME_NOT_RESOLVED @ https://googleads.g.doubleclick.net/pagead/id:0
[ 4539704ms] [ERROR] Failed to load resource: net::ERR_NAME_NOT_RESOLVED @ https://static.doubleclick.net/instream/ad_status.js:0
[ 4540856ms] [WARNING] Failed to execute 'postMessage' on 'DOMWindow': The target origin provided ('https://www.youtube.com') does not match the recipient window's origin ('http://127.0.0.1:4000'). @ https://www.youtube.com/s/player/8a6e7bc4/www-widgetapi.vflset/www-widgetapi.js:209
[ 4541106ms] [WARNING] Failed to execute 'postMessage' on 'DOMWindow': The target origin provided ('https://www.youtube.com') does not match the recipient window's origin ('http://127.0.0.1:4000'). @ https://www.youtube.com/s/player/8a6e7bc4/www-widgetapi.vflset/www-widgetapi.js:209
[ 4541357ms] [WARNING] Failed to execute 'postMessage' on 'DOMWindow': The target origin provided ('https://www.youtube.com') does not match the recipient window's origin ('http://127.0.0.1:4000'). @ https://www.youtube.com/s/player/8a6e7bc4/www-widgetapi.vflset/www-widgetapi.js:209
[ 4541606ms] [WARNING] Failed to execute 'postMessage' on 'DOMWindow': The target origin provided ('https://www.youtube.com') does not match the recipient window's origin ('http://127.0.0.1:4000'). @ https://www.youtube.com/s/player/8a6e7bc4/www-widgetapi.vflset/www-widgetapi.js:209
[   28974ms] [ERROR] Failed to load resource: net::ERR_NAME_NOT_RESOLVED @ https://googleads.g.doubleclick.net/pagead/id:0
[   28974ms] [ERROR] Failed to load resource: net::ERR_NAME_NOT_RESOLVED @ https://static.doubleclick.net/instream/ad_status.js:0
[   55640ms] [ERROR] Failed to load resource: net::ERR_NAME_NOT_RESOLVED @ https://googleads.g.doubleclick.net/pagead/id:0
[   55640ms] [ERROR] Failed to load resource: net::ERR_NAME_NOT_RESOLVED @ https://static.doubleclick.net/instream/ad_status.js:0
[   55682ms] [ERROR] Failed to load resource: net::ERR_NAME_NOT_RESOLVED @ https://static.doubleclick.net/instream/ad_status.js:0
[   55683ms] [ERROR] Failed to load resource: net::ERR_NAME_NOT_RESOLVED @ https://googleads.g.doubleclick.net/pagead/id:0
[   61060ms] [ERROR] Failed to load resource: net::ERR_NAME_NOT_RESOLVED @ https://googleads.g.doubleclick.net/pagead/id:0
[   61060ms] [ERROR] Failed to load resource: net::ERR_NAME_NOT_RESOLVED @ https://static.doubleclick.net/instream/ad_status.js:0
[   66400ms] [ERROR] Failed to load resource: net::ERR_NAME_NOT_RESOLVED @ https://googleads.g.doubleclick.net/pagead/id:0
[   66400ms] [ERROR] Failed to load resource: net::ERR_NAME_NOT_RESOLVED @ https://static.doubleclick.net/instream/ad_status.js:0
[   71850ms] [ERROR] Failed to load resource: net::ERR_NAME_NOT_RESOLVED @ https://googleads.g.doubleclick.net/pagead/id:0
[   71850ms] [ERROR] Failed to load resource: net::ERR_NAME_NOT_RESOLVED @ https://static.doubleclick.net/instream/ad_status.js:0
[   77308ms] [ERROR] Failed to load resource: net::ERR_NAME_NOT_RESOLVED @ https://static.doubleclick.net/instream/ad_status.js:0
[   77309ms] [ERROR] Failed to load resource: net::ERR_NAME_NOT_RESOLVED @ https://googleads.g.doubleclick.net/pagead/id:0
[   82649ms] [ERROR] Failed to load resource: net::ERR_NAME_NOT_RESOLVED @ https://googleads.g.doubleclick.net/pagead/id:0
[   82650ms] [ERROR] Failed to load resource: net::ERR_NAME_NOT_RESOLVED @ https://static.doubleclick.net/instream/ad_status.js:0
[   88015ms] [ERROR] Failed to load resource: net::ERR_NAME_NOT_RESOLVED @ https://googleads.g.doubleclick.net/pagead/id:0
[   88015ms] [ERROR] Failed to load resource: net::ERR_NAME_NOT_RESOLVED @ https://static.doubleclick.net/instream/ad_status.js:0
[   93591ms] [ERROR] Failed to load resource: net::ERR_NAME_NOT_RESOLVED @ https://static.doubleclick.net/instream/ad_status.js:0
[   93591ms] [ERROR] Failed to load resource: net::ERR_NAME_NOT_RESOLVED @ https://googleads.g.doubleclick.net/pagead/id:0
[   98946ms] [ERROR] Failed to load resource: net::ERR_NAME_NOT_RESOLVED @ https://googleads.g.doubleclick.net/pagead/id:0
[   98946ms] [ERROR] Failed to load resource: net::ERR_NAME_NOT_RESOLVED @ https://static.doubleclick.net/instream/ad_status.js:0
[  104772ms] [ERROR] Failed to load resource: net::ERR_NAME_NOT_RESOLVED @ https://static.doubleclick.net/instream/ad_status.js:0
[  104772ms] [ERROR] Failed to load resource: net::ERR_NAME_NOT_RESOLVED @ https://googleads.g.doubleclick.net/pagead/id:0
[  110139ms] [ERROR] Failed to load resource: net::ERR_NAME_NOT_RESOLVED @ https://static.doubleclick.net/instream/ad_status.js:0
[  110139ms] [ERROR] Failed to load resource: net::ERR_NAME_NOT_RESOLVED @ https://googleads.g.doubleclick.net/pagead/id:0
[  115664ms] [ERROR] Failed to load resource: net::ERR_NAME_NOT_RESOLVED @ https://static.doubleclick.net/instream/ad_status.js:0
[  115664ms] [ERROR] Failed to load resource: net::ERR_NAME_NOT_RESOLVED @ https://googleads.g.doubleclick.net/pagead/id:0
[  121007ms] [ERROR] Failed to load resource: net::ERR_NAME_NOT_RESOLVED @ https://googleads.g.doubleclick.net/pagead/id:0
[  121007ms] [ERROR] Failed to load resource: net::ERR_NAME_NOT_RESOLVED @ https://static.doubleclick.net/instream/ad_status.js:0
[  126370ms] [ERROR] Failed to load resource: net::ERR_NAME_NOT_RESOLVED @ https://googleads.g.doubleclick.net/pagead/id:0
[  126370ms] [ERROR] Failed to load resource: net::ERR_NAME_NOT_RESOLVED @ https://static.doubleclick.net/instream/ad_status.js:0
[  131713ms] [ERROR] Failed to load resource: net::ERR_NAME_NOT_RESOLVED @ https://static.doubleclick.net/instream/ad_status.js:0
[  131714ms] [ERROR] Failed to load resource: net::ERR_NAME_NOT_RESOLVED @ https://googleads.g.doubleclick.net/pagead/id:0
[  137082ms] [ERROR] Failed to load resource: net::ERR_NAME_NOT_RESOLVED @ https://googleads.g.doubleclick.net/pagead/id:0
[  137082ms] [ERROR] Failed to load resource: net::ERR_NAME_NOT_RESOLVED @ https://static.doubleclick.net/instream/ad_status.js:0
[  139042ms] [ERROR] Failed to load resource: net::ERR_NAME_NOT_RESOLVED @ https://googleads.g.doubleclick.net/pagead/id:0
[  139042ms] [ERROR] Failed to load resource: net::ERR_NAME_NOT_RESOLVED @ https://static.doubleclick.net/instream/ad_status.js:0
[  139119ms] [ERROR] Failed to load resource: net::ERR_NAME_NOT_RESOLVED @ https://googleads.g.doubleclick.net/pagead/id:0
[  139119ms] [ERROR] Failed to load resource: net::ERR_NAME_NOT_RESOLVED @ https://static.doubleclick.net/instream/ad_status.js:0
[  139192ms] [ERROR] Failed to load resource: net::ERR_NAME_NOT_RESOLVED @ https://static.doubleclick.net/instream/ad_status.js:0
[  139193ms] [ERROR] Failed to load resource: net::ERR_NAME_NOT_RESOLVED @ https://googleads.g.doubleclick.net/pagead/id:0
[  144468ms] [ERROR] Failed to load resource: net::ERR_NAME_NOT_RESOLVED @ https://googleads.g.doubleclick.net/pagead/id:0
[  144468ms] [ERROR] Failed to load resource: net::ERR_NAME_NOT_RESOLVED @ https://static.doubleclick.net/instream/ad_status.js:0
[  149814ms] [ERROR] Failed to load resource: net::ERR_NAME_NOT_RESOLVED @ https://googleads.g.doubleclick.net/pagead/id:0
[  149814ms] [ERROR] Failed to load resource: net::ERR_NAME_NOT_RESOLVED @ https://static.doubleclick.net/instream/ad_status.js:0
[  155140ms] [ERROR] Failed to load resource: net::ERR_NAME_NOT_RESOLVED @ https://googleads.g.doubleclick.net/pagead/id:0
[  155140ms] [ERROR] Failed to load resource: net::ERR_NAME_NOT_RESOLVED @ https://static.doubleclick.net/instream/ad_status.js:0
[  160469ms] [ERROR] Failed to load resource: net::ERR_NAME_NOT_RESOLVED @ https://static.doubleclick.net/instream/ad_status.js:0
[  160470ms] [ERROR] Failed to load resource: net::ERR_NAME_NOT_RESOLVED @ https://googleads.g.doubleclick.net/pagead/id:0
[  165810ms] [ERROR] Failed to load resource: net::ERR_NAME_NOT_RESOLVED @ https://googleads.g.doubleclick.net/pagead/id:0
[  165810ms] [ERROR] Failed to load resource: net::ERR_NAME_NOT_RESOLVED @ https://static.doubleclick.net/instream/ad_status.js:0
[  171144ms] [ERROR] Failed to load resource: net::ERR_NAME_NOT_RESOLVED @ https://googleads.g.doubleclick.net/pagead/id:0
[  171144ms] [ERROR] Failed to load resource: net::ERR_NAME_NOT_RESOLVED @ https://static.doubleclick.net/instream/ad_status.js:0
[  173723ms] [ERROR] Failed to load resource: net::ERR_NAME_NOT_RESOLVED @ https://googleads.g.doubleclick.net/pagead/id:0
[  173723ms] [ERROR] Failed to load resource: net::ERR_NAME_NOT_RESOLVED @ https://static.doubleclick.net/instream/ad_status.js:0
[  259058ms] [ERROR] Failed to load resource: net::ERR_NAME_NOT_RESOLVED @ https://googleads.g.doubleclick.net/pagead/id:0
[  259206ms] [ERROR] Failed to load resource: net::ERR_NAME_NOT_RESOLVED @ https://googleads.g.doubleclick.net/pagead/id:0
[  293735ms] [ERROR] Failed to load resource: net::ERR_NAME_NOT_RESOLVED @ https://googleads.g.doubleclick.net/pagead/id:0
[  379071ms] [ERROR] Failed to load resource: net::ERR_NAME_NOT_RESOLVED @ https://googleads.g.doubleclick.net/pagead/id:0
[  379213ms] [ERROR] Failed to load resource: net::ERR_NAME_NOT_RESOLVED @ https://googleads.g.doubleclick.net/pagead/id:0
[  413745ms] [ERROR] Failed to load resource: net::ERR_NAME_NOT_RESOLVED @ https://googleads.g.doubleclick.net/pagead/id:0
[ 4511206ms] [ERROR] Failed to load resource: net::ERR_NAME_NOT_RESOLVED @ https://googleads.g.doubleclick.net/pagead/viewthroughconversion/962985656/?backend=innertube&cname=56&cver=2_20260410&foc_id=5FqCllc0jXW_I7ix5jRIQA&label=followon_view&ptype=no_rmkt&random=607048521&cv_attributed=0:0
[ 4514811ms] [ERROR] Failed to load resource: net::ERR_NAME_NOT_RESOLVED @ https://googleads.g.doubleclick.net/pagead/id:0
[ 4514850ms] [ERROR] Failed to load resource: net::ERR_NAME_NOT_RESOLVED @ https://static.doubleclick.net/instream/ad_status.js:0
[ 4515973ms] [ERROR] Failed to load resource: net::ERR_NAME_NOT_RESOLVED @ https://static.doubleclick.net/instream/ad_status.js:0
[ 4515973ms] [ERROR] Failed to load resource: net::ERR_NAME_NOT_RESOLVED @ https://googleads.g.doubleclick.net/pagead/id:0
[ 4517305ms] [ERROR] Failed to load resource: net::ERR_NAME_NOT_RESOLVED @ https://static.doubleclick.net/instream/ad_status.js:0
[ 4517306ms] [ERROR] Failed to load resource: net::ERR_NAME_NOT_RESOLVED @ https://googleads.g.doubleclick.net/pagead/id:0
[ 4522792ms] [ERROR] Failed to load resource: net::ERR_NAME_NOT_RESOLVED @ https://static.doubleclick.net/instream/ad_status.js:0
[ 4522793ms] [ERROR] Failed to load resource: net::ERR_NAME_NOT_RESOLVED @ https://googleads.g.doubleclick.net/pagead/id:0
[ 4523913ms] [ERROR] Failed to load resource: net::ERR_NAME_NOT_RESOLVED @ https://googleads.g.doubleclick.net/pagead/id:0
[ 4523913ms] [ERROR] Failed to load resource: net::ERR_NAME_NOT_RESOLVED @ https://static.doubleclick.net/instream/ad_status.js:0
[ 4525056ms] [ERROR] Failed to load resource: net::ERR_NAME_NOT_RESOLVED @ https://static.doubleclick.net/instream/ad_status.js:0
[ 4525056ms] [ERROR] Failed to load resource: net::ERR_NAME_NOT_RESOLVED @ https://googleads.g.doubleclick.net/pagead/id:0
[ 4530470ms] [ERROR] Failed to load resource: net::ERR_NAME_NOT_RESOLVED @ https://static.doubleclick.net/instream/ad_status.js:0
[ 4530471ms] [ERROR] Failed to load resource: net::ERR_NAME_NOT_RESOLVED @ https://googleads.g.doubleclick.net/pagead/id:0
[ 4531676ms] [ERROR] Failed to load resource: net::ERR_NAME_NOT_RESOLVED @ https://static.doubleclick.net/instream/ad_status.js:0
[ 4531676ms] [ERROR] Failed to load resource: net::ERR_NAME_NOT_RESOLVED @ https://googleads.g.doubleclick.net/pagead/id:0
[ 4532983ms] [ERROR] Failed to load resource: net::ERR_NAME_NOT_RESOLVED @ https://static.doubleclick.net/instream/ad_status.js:0
[ 4532983ms] [ERROR] Failed to load resource: net::ERR_NAME_NOT_RESOLVED @ https://googleads.g.doubleclick.net/pagead/id:0
[ 4538452ms] [ERROR] Failed to load resource: net::ERR_NAME_NOT_RESOLVED @ https://static.doubleclick.net/instream/ad_status.js:0
[ 4538452ms] [ERROR] Failed to load resource: net::ERR_NAME_NOT_RESOLVED @ https://googleads.g.doubleclick.net/pagead/id:0
[ 4539704ms] [ERROR] Failed to load resource: net::ERR_NAME_NOT_RESOLVED @ https://googleads.g.doubleclick.net/pagead/id:0
[ 4539704ms] [ERROR] Failed to load resource: net::ERR_NAME_NOT_RESOLVED @ https://static.doubleclick.net/instream/ad_status.js:0
[ 4541879ms] [ERROR] Failed to load resource: net::ERR_NAME_NOT_RESOLVED @ https://static.doubleclick.net/instream/ad_status.js:0
[ 4541880ms] [ERROR] Failed to load resource: net::ERR_NAME_NOT_RESOLVED @ https://googleads.g.doubleclick.net/pagead/id:0
[ 4542959ms] [WARNING] Failed to execute 'postMessage' on 'DOMWindow': The target origin provided ('https://www.youtube.com') does not match the recipient window's origin ('http://127.0.0.1:4000'). @ https://www.youtube.com/s/player/8a6e7bc4/www-widgetapi.vflset/www-widgetapi.js:209
[   28974ms] [ERROR] Failed to load resource: net::ERR_NAME_NOT_RESOLVED @ https://googleads.g.doubleclick.net/pagead/id:0
[   28974ms] [ERROR] Failed to load resource: net::ERR_NAME_NOT_RESOLVED @ https://static.doubleclick.net/instream/ad_status.js:0
[   55640ms] [ERROR] Failed to load resource: net::ERR_NAME_NOT_RESOLVED @ https://googleads.g.doubleclick.net/pagead/id:0
[   55640ms] [ERROR] Failed to load resource: net::ERR_NAME_NOT_RESOLVED @ https://static.doubleclick.net/instream/ad_status.js:0
[   55682ms] [ERROR] Failed to load resource: net::ERR_NAME_NOT_RESOLVED @ https://static.doubleclick.net/instream/ad_status.js:0
[   55683ms] [ERROR] Failed to load resource: net::ERR_NAME_NOT_RESOLVED @ https://googleads.g.doubleclick.net/pagead/id:0
[   61060ms] [ERROR] Failed to load resource: net::ERR_NAME_NOT_RESOLVED @ https://googleads.g.doubleclick.net/pagead/id:0
[   61060ms] [ERROR] Failed to load resource: net::ERR_NAME_NOT_RESOLVED @ https://static.doubleclick.net/instream/ad_status.js:0
[   66400ms] [ERROR] Failed to load resource: net::ERR_NAME_NOT_RESOLVED @ https://googleads.g.doubleclick.net/pagead/id:0
[   66400ms] [ERROR] Failed to load resource: net::ERR_NAME_NOT_RESOLVED @ https://static.doubleclick.net/instream/ad_status.js:0
[   71850ms] [ERROR] Failed to load resource: net::ERR_NAME_NOT_RESOLVED @ https://googleads.g.doubleclick.net/pagead/id:0
[   71850ms] [ERROR] Failed to load resource: net::ERR_NAME_NOT_RESOLVED @ https://static.doubleclick.net/instream/ad_status.js:0
[   77308ms] [ERROR] Failed to load resource: net::ERR_NAME_NOT_RESOLVED @ https://static.doubleclick.net/instream/ad_status.js:0
[   77309ms] [ERROR] Failed to load resource: net::ERR_NAME_NOT_RESOLVED @ https://googleads.g.doubleclick.net/pagead/id:0
[   82649ms] [ERROR] Failed to load resource: net::ERR_NAME_NOT_RESOLVED @ https://googleads.g.doubleclick.net/pagead/id:0
[   82650ms] [ERROR] Failed to load resource: net::ERR_NAME_NOT_RESOLVED @ https://static.doubleclick.net/instream/ad_status.js:0
[   88015ms] [ERROR] Failed to load resource: net::ERR_NAME_NOT_RESOLVED @ https://googleads.g.doubleclick.net/pagead/id:0
[   88015ms] [ERROR] Failed to load resource: net::ERR_NAME_NOT_RESOLVED @ https://static.doubleclick.net/instream/ad_status.js:0
[   93591ms] [ERROR] Failed to load resource: net::ERR_NAME_NOT_RESOLVED @ https://static.doubleclick.net/instream/ad_status.js:0
[   93591ms] [ERROR] Failed to load resource: net::ERR_NAME_NOT_RESOLVED @ https://googleads.g.doubleclick.net/pagead/id:0
[   98946ms] [ERROR] Failed to load resource: net::ERR_NAME_NOT_RESOLVED @ https://googleads.g.doubleclick.net/pagead/id:0
[   98946ms] [ERROR] Failed to load resource: net::ERR_NAME_NOT_RESOLVED @ https://static.doubleclick.net/instream/ad_status.js:0
[  104772ms] [ERROR] Failed to load resource: net::ERR_NAME_NOT_RESOLVED @ https://static.doubleclick.net/instream/ad_status.js:0
[  104772ms] [ERROR] Failed to load resource: net::ERR_NAME_NOT_RESOLVED @ https://googleads.g.doubleclick.net/pagead/id:0
[  110139ms] [ERROR] Failed to load resource: net::ERR_NAME_NOT_RESOLVED @ https://static.doubleclick.net/instream/ad_status.js:0
[  110139ms] [ERROR] Failed to load resource: net::ERR_NAME_NOT_RESOLVED @ https://googleads.g.doubleclick.net/pagead/id:0
[  115664ms] [ERROR] Failed to load resource: net::ERR_NAME_NOT_RESOLVED @ https://static.doubleclick.net/instream/ad_status.js:0
[  115664ms] [ERROR] Failed to load resource: net::ERR_NAME_NOT_RESOLVED @ https://googleads.g.doubleclick.net/pagead/id:0
[  121007ms] [ERROR] Failed to load resource: net::ERR_NAME_NOT_RESOLVED @ https://googleads.g.doubleclick.net/pagead/id:0
[  121007ms] [ERROR] Failed to load resource: net::ERR_NAME_NOT_RESOLVED @ https://static.doubleclick.net/instream/ad_status.js:0
[  126370ms] [ERROR] Failed to load resource: net::ERR_NAME_NOT_RESOLVED @ https://googleads.g.doubleclick.net/pagead/id:0
[  126370ms] [ERROR] Failed to load resource: net::ERR_NAME_NOT_RESOLVED @ https://static.doubleclick.net/instream/ad_status.js:0
[  131713ms] [ERROR] Failed to load resource: net::ERR_NAME_NOT_RESOLVED @ https://static.doubleclick.net/instream/ad_status.js:0
[  131714ms] [ERROR] Failed to load resource: net::ERR_NAME_NOT_RESOLVED @ https://googleads.g.doubleclick.net/pagead/id:0
[  137082ms] [ERROR] Failed to load resource: net::ERR_NAME_NOT_RESOLVED @ https://googleads.g.doubleclick.net/pagead/id:0
[  137082ms] [ERROR] Failed to load resource: net::ERR_NAME_NOT_RESOLVED @ https://static.doubleclick.net/instream/ad_status.js:0
[  139042ms] [ERROR] Failed to load resource: net::ERR_NAME_NOT_RESOLVED @ https://googleads.g.doubleclick.net/pagead/id:0
[  139042ms] [ERROR] Failed to load resource: net::ERR_NAME_NOT_RESOLVED @ https://static.doubleclick.net/instream/ad_status.js:0
[  139119ms] [ERROR] Failed to load resource: net::ERR_NAME_NOT_RESOLVED @ https://googleads.g.doubleclick.net/pagead/id:0
[  139119ms] [ERROR] Failed to load resource: net::ERR_NAME_NOT_RESOLVED @ https://static.doubleclick.net/instream/ad_status.js:0
[  139192ms] [ERROR] Failed to load resource: net::ERR_NAME_NOT_RESOLVED @ https://static.doubleclick.net/instream/ad_status.js:0
[  139193ms] [ERROR] Failed to load resource: net::ERR_NAME_NOT_RESOLVED @ https://googleads.g.doubleclick.net/pagead/id:0
[  144468ms] [ERROR] Failed to load resource: net::ERR_NAME_NOT_RESOLVED @ https://googleads.g.doubleclick.net/pagead/id:0
[  144468ms] [ERROR] Failed to load resource: net::ERR_NAME_NOT_RESOLVED @ https://static.doubleclick.net/instream/ad_status.js:0
[  149814ms] [ERROR] Failed to load resource: net::ERR_NAME_NOT_RESOLVED @ https://googleads.g.doubleclick.net/pagead/id:0
[  149814ms] [ERROR] Failed to load resource: net::ERR_NAME_NOT_RESOLVED @ https://static.doubleclick.net/instream/ad_status.js:0
[  155140ms] [ERROR] Failed to load resource: net::ERR_NAME_NOT_RESOLVED @ https://googleads.g.doubleclick.net/pagead/id:0
[  155140ms] [ERROR] Failed to load resource: net::ERR_NAME_NOT_RESOLVED @ https://static.doubleclick.net/instream/ad_status.js:0
[  160469ms] [ERROR] Failed to load resource: net::ERR_NAME_NOT_RESOLVED @ https://static.doubleclick.net/instream/ad_status.js:0
[  160470ms] [ERROR] Failed to load resource: net::ERR_NAME_NOT_RESOLVED @ https://googleads.g.doubleclick.net/pagead/id:0
[  165810ms] [ERROR] Failed to load resource: net::ERR_NAME_NOT_RESOLVED @ https://googleads.g.doubleclick.net/pagead/id:0
[  165810ms] [ERROR] Failed to load resource: net::ERR_NAME_NOT_RESOLVED @ https://static.doubleclick.net/instream/ad_status.js:0
[  171144ms] [ERROR] Failed to load resource: net::ERR_NAME_NOT_RESOLVED @ https://googleads.g.doubleclick.net/pagead/id:0
[  171144ms] [ERROR] Failed to load resource: net::ERR_NAME_NOT_RESOLVED @ https://static.doubleclick.net/instream/ad_status.js:0
[  173723ms] [ERROR] Failed to load resource: net::ERR_NAME_NOT_RESOLVED @ https://googleads.g.doubleclick.net/pagead/id:0
[  173723ms] [ERROR] Failed to load resource: net::ERR_NAME_NOT_RESOLVED @ https://static.doubleclick.net/instream/ad_status.js:0
[  259058ms] [ERROR] Failed to load resource: net::ERR_NAME_NOT_RESOLVED @ https://googleads.g.doubleclick.net/pagead/id:0
[  259206ms] [ERROR] Failed to load resource: net::ERR_NAME_NOT_RESOLVED @ https://googleads.g.doubleclick.net/pagead/id:0
[  293735ms] [ERROR] Failed to load resource: net::ERR_NAME_NOT_RESOLVED @ https://googleads.g.doubleclick.net/pagead/id:0
[  379071ms] [ERROR] Failed to load resource: net::ERR_NAME_NOT_RESOLVED @ https://googleads.g.doubleclick.net/pagead/id:0
[  379213ms] [ERROR] Failed to load resource: net::ERR_NAME_NOT_RESOLVED @ https://googleads.g.doubleclick.net/pagead/id:0
[  413745ms] [ERROR] Failed to load resource: net::ERR_NAME_NOT_RESOLVED @ https://googleads.g.doubleclick.net/pagead/id:0
[ 4511206ms] [ERROR] Failed to load resource: net::ERR_NAME_NOT_RESOLVED @ https://googleads.g.doubleclick.net/pagead/viewthroughconversion/962985656/?backend=innertube&cname=56&cver=2_20260410&foc_id=5FqCllc0jXW_I7ix5jRIQA&label=followon_view&ptype=no_rmkt&random=607048521&cv_attributed=0:0
[ 4514811ms] [ERROR] Failed to load resource: net::ERR_NAME_NOT_RESOLVED @ https://googleads.g.doubleclick.net/pagead/id:0
[ 4514850ms] [ERROR] Failed to load resource: net::ERR_NAME_NOT_RESOLVED @ https://static.doubleclick.net/instream/ad_status.js:0
[ 4515973ms] [ERROR] Failed to load resource: net::ERR_NAME_NOT_RESOLVED @ https://static.doubleclick.net/instream/ad_status.js:0
[ 4515973ms] [ERROR] Failed to load resource: net::ERR_NAME_NOT_RESOLVED @ https://googleads.g.doubleclick.net/pagead/id:0
[ 4517305ms] [ERROR] Failed to load resource: net::ERR_NAME_NOT_RESOLVED @ https://static.doubleclick.net/instream/ad_status.js:0
[ 4517306ms] [ERROR] Failed to load resource: net::ERR_NAME_NOT_RESOLVED @ https://googleads.g.doubleclick.net/pagead/id:0
[ 4522792ms] [ERROR] Failed to load resource: net::ERR_NAME_NOT_RESOLVED @ https://static.doubleclick.net/instream/ad_status.js:0
[ 4522793ms] [ERROR] Failed to load resource: net::ERR_NAME_NOT_RESOLVED @ https://googleads.g.doubleclick.net/pagead/id:0
[ 4523913ms] [ERROR] Failed to load resource: net::ERR_NAME_NOT_RESOLVED @ https://googleads.g.doubleclick.net/pagead/id:0
[ 4523913ms] [ERROR] Failed to load resource: net::ERR_NAME_NOT_RESOLVED @ https://static.doubleclick.net/instream/ad_status.js:0
[ 4525056ms] [ERROR] Failed to load resource: net::ERR_NAME_NOT_RESOLVED @ https://static.doubleclick.net/instream/ad_status.js:0
[ 4525056ms] [ERROR] Failed to load resource: net::ERR_NAME_NOT_RESOLVED @ https://googleads.g.doubleclick.net/pagead/id:0
[ 4530470ms] [ERROR] Failed to load resource: net::ERR_NAME_NOT_RESOLVED @ https://static.doubleclick.net/instream/ad_status.js:0
[ 4530471ms] [ERROR] Failed to load resource: net::ERR_NAME_NOT_RESOLVED @ https://googleads.g.doubleclick.net/pagead/id:0
[ 4531676ms] [ERROR] Failed to load resource: net::ERR_NAME_NOT_RESOLVED @ https://static.doubleclick.net/instream/ad_status.js:0
[ 4531676ms] [ERROR] Failed to load resource: net::ERR_NAME_NOT_RESOLVED @ https://googleads.g.doubleclick.net/pagead/id:0
[ 4532983ms] [ERROR] Failed to load resource: net::ERR_NAME_NOT_RESOLVED @ https://static.doubleclick.net/instream/ad_status.js:0
[ 4532983ms] [ERROR] Failed to load resource: net::ERR_NAME_NOT_RESOLVED @ https://googleads.g.doubleclick.net/pagead/id:0
[ 4538452ms] [ERROR] Failed to load resource: net::ERR_NAME_NOT_RESOLVED @ https://static.doubleclick.net/instream/ad_status.js:0
[ 4538452ms] [ERROR] Failed to load resource: net::ERR_NAME_NOT_RESOLVED @ https://googleads.g.doubleclick.net/pagead/id:0
[ 4539704ms] [ERROR] Failed to load resource: net::ERR_NAME_NOT_RESOLVED @ https://googleads.g.doubleclick.net/pagead/id:0
[ 4539704ms] [ERROR] Failed to load resource: net::ERR_NAME_NOT_RESOLVED @ https://static.doubleclick.net/instream/ad_status.js:0
[ 4541879ms] [ERROR] Failed to load resource: net::ERR_NAME_NOT_RESOLVED @ https://static.doubleclick.net/instream/ad_status.js:0
[ 4541880ms] [ERROR] Failed to load resource: net::ERR_NAME_NOT_RESOLVED @ https://googleads.g.doubleclick.net/pagead/id:0
[ 4543136ms] [ERROR] Failed to load resource: net::ERR_NAME_NOT_RESOLVED @ https://static.doubleclick.net/instream/ad_status.js:0
[ 4543137ms] [ERROR] Failed to load resource: net::ERR_NAME_NOT_RESOLVED @ https://googleads.g.doubleclick.net/pagead/id:0
[ 4548403ms] [WARNING] Failed to execute 'postMessage' on 'DOMWindow': The target origin provided ('https://www.youtube.com') does not match the recipient window's origin ('http://127.0.0.1:4000'). @ https://www.youtube.com/s/player/8a6e7bc4/www-widgetapi.vflset/www-widgetapi.js:209
[   28974ms] [ERROR] Failed to load resource: net::ERR_NAME_NOT_RESOLVED @ https://googleads.g.doubleclick.net/pagead/id:0
[   28974ms] [ERROR] Failed to load resource: net::ERR_NAME_NOT_RESOLVED @ https://static.doubleclick.net/instream/ad_status.js:0
[   55640ms] [ERROR] Failed to load resource: net::ERR_NAME_NOT_RESOLVED @ https://googleads.g.doubleclick.net/pagead/id:0
[   55640ms] [ERROR] Failed to load resource: net::ERR_NAME_NOT_RESOLVED @ https://static.doubleclick.net/instream/ad_status.js:0
[   55682ms] [ERROR] Failed to load resource: net::ERR_NAME_NOT_RESOLVED @ https://static.doubleclick.net/instream/ad_status.js:0
[   55683ms] [ERROR] Failed to load resource: net::ERR_NAME_NOT_RESOLVED @ https://googleads.g.doubleclick.net/pagead/id:0
[   61060ms] [ERROR] Failed to load resource: net::ERR_NAME_NOT_RESOLVED @ https://googleads.g.doubleclick.net/pagead/id:0
[   61060ms] [ERROR] Failed to load resource: net::ERR_NAME_NOT_RESOLVED @ https://static.doubleclick.net/instream/ad_status.js:0
[   66400ms] [ERROR] Failed to load resource: net::ERR_NAME_NOT_RESOLVED @ https://googleads.g.doubleclick.net/pagead/id:0
[   66400ms] [ERROR] Failed to load resource: net::ERR_NAME_NOT_RESOLVED @ https://static.doubleclick.net/instream/ad_status.js:0
[   71850ms] [ERROR] Failed to load resource: net::ERR_NAME_NOT_RESOLVED @ https://googleads.g.doubleclick.net/pagead/id:0
[   71850ms] [ERROR] Failed to load resource: net::ERR_NAME_NOT_RESOLVED @ https://static.doubleclick.net/instream/ad_status.js:0
[   77308ms] [ERROR] Failed to load resource: net::ERR_NAME_NOT_RESOLVED @ https://static.doubleclick.net/instream/ad_status.js:0
[   77309ms] [ERROR] Failed to load resource: net::ERR_NAME_NOT_RESOLVED @ https://googleads.g.doubleclick.net/pagead/id:0
[   82649ms] [ERROR] Failed to load resource: net::ERR_NAME_NOT_RESOLVED @ https://googleads.g.doubleclick.net/pagead/id:0
[   82650ms] [ERROR] Failed to load resource: net::ERR_NAME_NOT_RESOLVED @ https://static.doubleclick.net/instream/ad_status.js:0
[   88015ms] [ERROR] Failed to load resource: net::ERR_NAME_NOT_RESOLVED @ https://googleads.g.doubleclick.net/pagead/id:0
[   88015ms] [ERROR] Failed to load resource: net::ERR_NAME_NOT_RESOLVED @ https://static.doubleclick.net/instream/ad_status.js:0
[   93591ms] [ERROR] Failed to load resource: net::ERR_NAME_NOT_RESOLVED @ https://static.doubleclick.net/instream/ad_status.js:0
[   93591ms] [ERROR] Failed to load resource: net::ERR_NAME_NOT_RESOLVED @ https://googleads.g.doubleclick.net/pagead/id:0
[   98946ms] [ERROR] Failed to load resource: net::ERR_NAME_NOT_RESOLVED @ https://googleads.g.doubleclick.net/pagead/id:0
[   98946ms] [ERROR] Failed to load resource: net::ERR_NAME_NOT_RESOLVED @ https://static.doubleclick.net/instream/ad_status.js:0
[  104772ms] [ERROR] Failed to load resource: net::ERR_NAME_NOT_RESOLVED @ https://static.doubleclick.net/instream/ad_status.js:0
[  104772ms] [ERROR] Failed to load resource: net::ERR_NAME_NOT_RESOLVED @ https://googleads.g.doubleclick.net/pagead/id:0
[  110139ms] [ERROR] Failed to load resource: net::ERR_NAME_NOT_RESOLVED @ https://static.doubleclick.net/instream/ad_status.js:0
[  110139ms] [ERROR] Failed to load resource: net::ERR_NAME_NOT_RESOLVED @ https://googleads.g.doubleclick.net/pagead/id:0
[  115664ms] [ERROR] Failed to load resource: net::ERR_NAME_NOT_RESOLVED @ https://static.doubleclick.net/instream/ad_status.js:0
[  115664ms] [ERROR] Failed to load resource: net::ERR_NAME_NOT_RESOLVED @ https://googleads.g.doubleclick.net/pagead/id:0
[  121007ms] [ERROR] Failed to load resource: net::ERR_NAME_NOT_RESOLVED @ https://googleads.g.doubleclick.net/pagead/id:0
[  121007ms] [ERROR] Failed to load resource: net::ERR_NAME_NOT_RESOLVED @ https://static.doubleclick.net/instream/ad_status.js:0
[  126370ms] [ERROR] Failed to load resource: net::ERR_NAME_NOT_RESOLVED @ https://googleads.g.doubleclick.net/pagead/id:0
[  126370ms] [ERROR] Failed to load resource: net::ERR_NAME_NOT_RESOLVED @ https://static.doubleclick.net/instream/ad_status.js:0
[  131713ms] [ERROR] Failed to load resource: net::ERR_NAME_NOT_RESOLVED @ https://static.doubleclick.net/instream/ad_status.js:0
[  131714ms] [ERROR] Failed to load resource: net::ERR_NAME_NOT_RESOLVED @ https://googleads.g.doubleclick.net/pagead/id:0
[  137082ms] [ERROR] Failed to load resource: net::ERR_NAME_NOT_RESOLVED @ https://googleads.g.doubleclick.net/pagead/id:0
[  137082ms] [ERROR] Failed to load resource: net::ERR_NAME_NOT_RESOLVED @ https://static.doubleclick.net/instream/ad_status.js:0
[  139042ms] [ERROR] Failed to load resource: net::ERR_NAME_NOT_RESOLVED @ https://googleads.g.doubleclick.net/pagead/id:0
[  139042ms] [ERROR] Failed to load resource: net::ERR_NAME_NOT_RESOLVED @ https://static.doubleclick.net/instream/ad_status.js:0
[  139119ms] [ERROR] Failed to load resource: net::ERR_NAME_NOT_RESOLVED @ https://googleads.g.doubleclick.net/pagead/id:0
[  139119ms] [ERROR] Failed to load resource: net::ERR_NAME_NOT_RESOLVED @ https://static.doubleclick.net/instream/ad_status.js:0
[  139192ms] [ERROR] Failed to load resource: net::ERR_NAME_NOT_RESOLVED @ https://static.doubleclick.net/instream/ad_status.js:0
[  139193ms] [ERROR] Failed to load resource: net::ERR_NAME_NOT_RESOLVED @ https://googleads.g.doubleclick.net/pagead/id:0
[  144468ms] [ERROR] Failed to load resource: net::ERR_NAME_NOT_RESOLVED @ https://googleads.g.doubleclick.net/pagead/id:0
[  144468ms] [ERROR] Failed to load resource: net::ERR_NAME_NOT_RESOLVED @ https://static.doubleclick.net/instream/ad_status.js:0
[  149814ms] [ERROR] Failed to load resource: net::ERR_NAME_NOT_RESOLVED @ https://googleads.g.doubleclick.net/pagead/id:0
[  149814ms] [ERROR] Failed to load resource: net::ERR_NAME_NOT_RESOLVED @ https://static.doubleclick.net/instream/ad_status.js:0
[  155140ms] [ERROR] Failed to load resource: net::ERR_NAME_NOT_RESOLVED @ https://googleads.g.doubleclick.net/pagead/id:0
[  155140ms] [ERROR] Failed to load resource: net::ERR_NAME_NOT_RESOLVED @ https://static.doubleclick.net/instream/ad_status.js:0
[  160469ms] [ERROR] Failed to load resource: net::ERR_NAME_NOT_RESOLVED @ https://static.doubleclick.net/instream/ad_status.js:0
[  160470ms] [ERROR] Failed to load resource: net::ERR_NAME_NOT_RESOLVED @ https://googleads.g.doubleclick.net/pagead/id:0
[  165810ms] [ERROR] Failed to load resource: net::ERR_NAME_NOT_RESOLVED @ https://googleads.g.doubleclick.net/pagead/id:0
[  165810ms] [ERROR] Failed to load resource: net::ERR_NAME_NOT_RESOLVED @ https://static.doubleclick.net/instream/ad_status.js:0
[  171144ms] [ERROR] Failed to load resource: net::ERR_NAME_NOT_RESOLVED @ https://googleads.g.doubleclick.net/pagead/id:0
[  171144ms] [ERROR] Failed to load resource: net::ERR_NAME_NOT_RESOLVED @ https://static.doubleclick.net/instream/ad_status.js:0
[  173723ms] [ERROR] Failed to load resource: net::ERR_NAME_NOT_RESOLVED @ https://googleads.g.doubleclick.net/pagead/id:0
[  173723ms] [ERROR] Failed to load resource: net::ERR_NAME_NOT_RESOLVED @ https://static.doubleclick.net/instream/ad_status.js:0
[  259058ms] [ERROR] Failed to load resource: net::ERR_NAME_NOT_RESOLVED @ https://googleads.g.doubleclick.net/pagead/id:0
[  259206ms] [ERROR] Failed to load resource: net::ERR_NAME_NOT_RESOLVED @ https://googleads.g.doubleclick.net/pagead/id:0
[  293735ms] [ERROR] Failed to load resource: net::ERR_NAME_NOT_RESOLVED @ https://googleads.g.doubleclick.net/pagead/id:0
[  379071ms] [ERROR] Failed to load resource: net::ERR_NAME_NOT_RESOLVED @ https://googleads.g.doubleclick.net/pagead/id:0
[  379213ms] [ERROR] Failed to load resource: net::ERR_NAME_NOT_RESOLVED @ https://googleads.g.doubleclick.net/pagead/id:0
[  413745ms] [ERROR] Failed to load resource: net::ERR_NAME_NOT_RESOLVED @ https://googleads.g.doubleclick.net/pagead/id:0
[ 4511206ms] [ERROR] Failed to load resource: net::ERR_NAME_NOT_RESOLVED @ https://googleads.g.doubleclick.net/pagead/viewthroughconversion/962985656/?backend=innertube&cname=56&cver=2_20260410&foc_id=5FqCllc0jXW_I7ix5jRIQA&label=followon_view&ptype=no_rmkt&random=607048521&cv_attributed=0:0
[ 4514811ms] [ERROR] Failed to load resource: net::ERR_NAME_NOT_RESOLVED @ https://googleads.g.doubleclick.net/pagead/id:0
[ 4514850ms] [ERROR] Failed to load resource: net::ERR_NAME_NOT_RESOLVED @ https://static.doubleclick.net/instream/ad_status.js:0
[ 4515973ms] [ERROR] Failed to load resource: net::ERR_NAME_NOT_RESOLVED @ https://static.doubleclick.net/instream/ad_status.js:0
[ 4515973ms] [ERROR] Failed to load resource: net::ERR_NAME_NOT_RESOLVED @ https://googleads.g.doubleclick.net/pagead/id:0
[ 4517305ms] [ERROR] Failed to load resource: net::ERR_NAME_NOT_RESOLVED @ https://static.doubleclick.net/instream/ad_status.js:0
[ 4517306ms] [ERROR] Failed to load resource: net::ERR_NAME_NOT_RESOLVED @ https://googleads.g.doubleclick.net/pagead/id:0
[ 4522792ms] [ERROR] Failed to load resource: net::ERR_NAME_NOT_RESOLVED @ https://static.doubleclick.net/instream/ad_status.js:0
[ 4522793ms] [ERROR] Failed to load resource: net::ERR_NAME_NOT_RESOLVED @ https://googleads.g.doubleclick.net/pagead/id:0
[ 4523913ms] [ERROR] Failed to load resource: net::ERR_NAME_NOT_RESOLVED @ https://googleads.g.doubleclick.net/pagead/id:0
[ 4523913ms] [ERROR] Failed to load resource: net::ERR_NAME_NOT_RESOLVED @ https://static.doubleclick.net/instream/ad_status.js:0
[ 4525056ms] [ERROR] Failed to load resource: net::ERR_NAME_NOT_RESOLVED @ https://static.doubleclick.net/instream/ad_status.js:0
[ 4525056ms] [ERROR] Failed to load resource: net::ERR_NAME_NOT_RESOLVED @ https://googleads.g.doubleclick.net/pagead/id:0
[ 4530470ms] [ERROR] Failed to load resource: net::ERR_NAME_NOT_RESOLVED @ https://static.doubleclick.net/instream/ad_status.js:0
[ 4530471ms] [ERROR] Failed to load resource: net::ERR_NAME_NOT_RESOLVED @ https://googleads.g.doubleclick.net/pagead/id:0
[ 4531676ms] [ERROR] Failed to load resource: net::ERR_NAME_NOT_RESOLVED @ https://static.doubleclick.net/instream/ad_status.js:0
[ 4531676ms] [ERROR] Failed to load resource: net::ERR_NAME_NOT_RESOLVED @ https://googleads.g.doubleclick.net/pagead/id:0
[ 4532983ms] [ERROR] Failed to load resource: net::ERR_NAME_NOT_RESOLVED @ https://static.doubleclick.net/instream/ad_status.js:0
[ 4532983ms] [ERROR] Failed to load resource: net::ERR_NAME_NOT_RESOLVED @ https://googleads.g.doubleclick.net/pagead/id:0
[ 4538452ms] [ERROR] Failed to load resource: net::ERR_NAME_NOT_RESOLVED @ https://static.doubleclick.net/instream/ad_status.js:0
[ 4538452ms] [ERROR] Failed to load resource: net::ERR_NAME_NOT_RESOLVED @ https://googleads.g.doubleclick.net/pagead/id:0
[ 4539704ms] [ERROR] Failed to load resource: net::ERR_NAME_NOT_RESOLVED @ https://googleads.g.doubleclick.net/pagead/id:0
[ 4539704ms] [ERROR] Failed to load resource: net::ERR_NAME_NOT_RESOLVED @ https://static.doubleclick.net/instream/ad_status.js:0
[ 4541879ms] [ERROR] Failed to load resource: net::ERR_NAME_NOT_RESOLVED @ https://static.doubleclick.net/instream/ad_status.js:0
[ 4541880ms] [ERROR] Failed to load resource: net::ERR_NAME_NOT_RESOLVED @ https://googleads.g.doubleclick.net/pagead/id:0
[ 4543136ms] [ERROR] Failed to load resource: net::ERR_NAME_NOT_RESOLVED @ https://static.doubleclick.net/instream/ad_status.js:0
[ 4543137ms] [ERROR] Failed to load resource: net::ERR_NAME_NOT_RESOLVED @ https://googleads.g.doubleclick.net/pagead/id:0
[ 4548616ms] [ERROR] Failed to load resource: net::ERR_NAME_NOT_RESOLVED @ https://static.doubleclick.net/instream/ad_status.js:0
[ 4548617ms] [ERROR] Failed to load resource: net::ERR_NAME_NOT_RESOLVED @ https://googleads.g.doubleclick.net/pagead/id:0
[ 4549535ms] [WARNING] Failed to execute 'postMessage' on 'DOMWindow': The target origin provided ('https://www.youtube.com') does not match the recipient window's origin ('http://127.0.0.1:4000'). @ https://www.youtube.com/s/player/8a6e7bc4/www-widgetapi.vflset/www-widgetapi.js:209
[   28974ms] [ERROR] Failed to load resource: net::ERR_NAME_NOT_RESOLVED @ https://googleads.g.doubleclick.net/pagead/id:0
[   28974ms] [ERROR] Failed to load resource: net::ERR_NAME_NOT_RESOLVED @ https://static.doubleclick.net/instream/ad_status.js:0
[   55640ms] [ERROR] Failed to load resource: net::ERR_NAME_NOT_RESOLVED @ https://googleads.g.doubleclick.net/pagead/id:0
[   55640ms] [ERROR] Failed to load resource: net::ERR_NAME_NOT_RESOLVED @ https://static.doubleclick.net/instream/ad_status.js:0
[   55682ms] [ERROR] Failed to load resource: net::ERR_NAME_NOT_RESOLVED @ https://static.doubleclick.net/instream/ad_status.js:0
[   55683ms] [ERROR] Failed to load resource: net::ERR_NAME_NOT_RESOLVED @ https://googleads.g.doubleclick.net/pagead/id:0
[   61060ms] [ERROR] Failed to load resource: net::ERR_NAME_NOT_RESOLVED @ https://googleads.g.doubleclick.net/pagead/id:0
[   61060ms] [ERROR] Failed to load resource: net::ERR_NAME_NOT_RESOLVED @ https://static.doubleclick.net/instream/ad_status.js:0
[   66400ms] [ERROR] Failed to load resource: net::ERR_NAME_NOT_RESOLVED @ https://googleads.g.doubleclick.net/pagead/id:0
[   66400ms] [ERROR] Failed to load resource: net::ERR_NAME_NOT_RESOLVED @ https://static.doubleclick.net/instream/ad_status.js:0
[   71850ms] [ERROR] Failed to load resource: net::ERR_NAME_NOT_RESOLVED @ https://googleads.g.doubleclick.net/pagead/id:0
[   71850ms] [ERROR] Failed to load resource: net::ERR_NAME_NOT_RESOLVED @ https://static.doubleclick.net/instream/ad_status.js:0
[   77308ms] [ERROR] Failed to load resource: net::ERR_NAME_NOT_RESOLVED @ https://static.doubleclick.net/instream/ad_status.js:0
[   77309ms] [ERROR] Failed to load resource: net::ERR_NAME_NOT_RESOLVED @ https://googleads.g.doubleclick.net/pagead/id:0
[   82649ms] [ERROR] Failed to load resource: net::ERR_NAME_NOT_RESOLVED @ https://googleads.g.doubleclick.net/pagead/id:0
[   82650ms] [ERROR] Failed to load resource: net::ERR_NAME_NOT_RESOLVED @ https://static.doubleclick.net/instream/ad_status.js:0
[   88015ms] [ERROR] Failed to load resource: net::ERR_NAME_NOT_RESOLVED @ https://googleads.g.doubleclick.net/pagead/id:0
[   88015ms] [ERROR] Failed to load resource: net::ERR_NAME_NOT_RESOLVED @ https://static.doubleclick.net/instream/ad_status.js:0
[   93591ms] [ERROR] Failed to load resource: net::ERR_NAME_NOT_RESOLVED @ https://static.doubleclick.net/instream/ad_status.js:0
[   93591ms] [ERROR] Failed to load resource: net::ERR_NAME_NOT_RESOLVED @ https://googleads.g.doubleclick.net/pagead/id:0
[   98946ms] [ERROR] Failed to load resource: net::ERR_NAME_NOT_RESOLVED @ https://googleads.g.doubleclick.net/pagead/id:0
[   98946ms] [ERROR] Failed to load resource: net::ERR_NAME_NOT_RESOLVED @ https://static.doubleclick.net/instream/ad_status.js:0
[  104772ms] [ERROR] Failed to load resource: net::ERR_NAME_NOT_RESOLVED @ https://static.doubleclick.net/instream/ad_status.js:0
[  104772ms] [ERROR] Failed to load resource: net::ERR_NAME_NOT_RESOLVED @ https://googleads.g.doubleclick.net/pagead/id:0
[  110139ms] [ERROR] Failed to load resource: net::ERR_NAME_NOT_RESOLVED @ https://static.doubleclick.net/instream/ad_status.js:0
[  110139ms] [ERROR] Failed to load resource: net::ERR_NAME_NOT_RESOLVED @ https://googleads.g.doubleclick.net/pagead/id:0
[  115664ms] [ERROR] Failed to load resource: net::ERR_NAME_NOT_RESOLVED @ https://static.doubleclick.net/instream/ad_status.js:0
[  115664ms] [ERROR] Failed to load resource: net::ERR_NAME_NOT_RESOLVED @ https://googleads.g.doubleclick.net/pagead/id:0
[  121007ms] [ERROR] Failed to load resource: net::ERR_NAME_NOT_RESOLVED @ https://googleads.g.doubleclick.net/pagead/id:0
[  121007ms] [ERROR] Failed to load resource: net::ERR_NAME_NOT_RESOLVED @ https://static.doubleclick.net/instream/ad_status.js:0
[  126370ms] [ERROR] Failed to load resource: net::ERR_NAME_NOT_RESOLVED @ https://googleads.g.doubleclick.net/pagead/id:0
[  126370ms] [ERROR] Failed to load resource: net::ERR_NAME_NOT_RESOLVED @ https://static.doubleclick.net/instream/ad_status.js:0
[  131713ms] [ERROR] Failed to load resource: net::ERR_NAME_NOT_RESOLVED @ https://static.doubleclick.net/instream/ad_status.js:0
[  131714ms] [ERROR] Failed to load resource: net::ERR_NAME_NOT_RESOLVED @ https://googleads.g.doubleclick.net/pagead/id:0
[  137082ms] [ERROR] Failed to load resource: net::ERR_NAME_NOT_RESOLVED @ https://googleads.g.doubleclick.net/pagead/id:0
[  137082ms] [ERROR] Failed to load resource: net::ERR_NAME_NOT_RESOLVED @ https://static.doubleclick.net/instream/ad_status.js:0
[  139042ms] [ERROR] Failed to load resource: net::ERR_NAME_NOT_RESOLVED @ https://googleads.g.doubleclick.net/pagead/id:0
[  139042ms] [ERROR] Failed to load resource: net::ERR_NAME_NOT_RESOLVED @ https://static.doubleclick.net/instream/ad_status.js:0
[  139119ms] [ERROR] Failed to load resource: net::ERR_NAME_NOT_RESOLVED @ https://googleads.g.doubleclick.net/pagead/id:0
[  139119ms] [ERROR] Failed to load resource: net::ERR_NAME_NOT_RESOLVED @ https://static.doubleclick.net/instream/ad_status.js:0
[  139192ms] [ERROR] Failed to load resource: net::ERR_NAME_NOT_RESOLVED @ https://static.doubleclick.net/instream/ad_status.js:0
[  139193ms] [ERROR] Failed to load resource: net::ERR_NAME_NOT_RESOLVED @ https://googleads.g.doubleclick.net/pagead/id:0
[  144468ms] [ERROR] Failed to load resource: net::ERR_NAME_NOT_RESOLVED @ https://googleads.g.doubleclick.net/pagead/id:0
[  144468ms] [ERROR] Failed to load resource: net::ERR_NAME_NOT_RESOLVED @ https://static.doubleclick.net/instream/ad_status.js:0
[  149814ms] [ERROR] Failed to load resource: net::ERR_NAME_NOT_RESOLVED @ https://googleads.g.doubleclick.net/pagead/id:0
[  149814ms] [ERROR] Failed to load resource: net::ERR_NAME_NOT_RESOLVED @ https://static.doubleclick.net/instream/ad_status.js:0
[  155140ms] [ERROR] Failed to load resource: net::ERR_NAME_NOT_RESOLVED @ https://googleads.g.doubleclick.net/pagead/id:0
[  155140ms] [ERROR] Failed to load resource: net::ERR_NAME_NOT_RESOLVED @ https://static.doubleclick.net/instream/ad_status.js:0
[  160469ms] [ERROR] Failed to load resource: net::ERR_NAME_NOT_RESOLVED @ https://static.doubleclick.net/instream/ad_status.js:0
[  160470ms] [ERROR] Failed to load resource: net::ERR_NAME_NOT_RESOLVED @ https://googleads.g.doubleclick.net/pagead/id:0
[  165810ms] [ERROR] Failed to load resource: net::ERR_NAME_NOT_RESOLVED @ https://googleads.g.doubleclick.net/pagead/id:0
[  165810ms] [ERROR] Failed to load resource: net::ERR_NAME_NOT_RESOLVED @ https://static.doubleclick.net/instream/ad_status.js:0
[  171144ms] [ERROR] Failed to load resource: net::ERR_NAME_NOT_RESOLVED @ https://googleads.g.doubleclick.net/pagead/id:0
[  171144ms] [ERROR] Failed to load resource: net::ERR_NAME_NOT_RESOLVED @ https://static.doubleclick.net/instream/ad_status.js:0
[  173723ms] [ERROR] Failed to load resource: net::ERR_NAME_NOT_RESOLVED @ https://googleads.g.doubleclick.net/pagead/id:0
[  173723ms] [ERROR] Failed to load resource: net::ERR_NAME_NOT_RESOLVED @ https://static.doubleclick.net/instream/ad_status.js:0
[  259058ms] [ERROR] Failed to load resource: net::ERR_NAME_NOT_RESOLVED @ https://googleads.g.doubleclick.net/pagead/id:0
[  259206ms] [ERROR] Failed to load resource: net::ERR_NAME_NOT_RESOLVED @ https://googleads.g.doubleclick.net/pagead/id:0
[  293735ms] [ERROR] Failed to load resource: net::ERR_NAME_NOT_RESOLVED @ https://googleads.g.doubleclick.net/pagead/id:0
[  379071ms] [ERROR] Failed to load resource: net::ERR_NAME_NOT_RESOLVED @ https://googleads.g.doubleclick.net/pagead/id:0
[  379213ms] [ERROR] Failed to load resource: net::ERR_NAME_NOT_RESOLVED @ https://googleads.g.doubleclick.net/pagead/id:0
[  413745ms] [ERROR] Failed to load resource: net::ERR_NAME_NOT_RESOLVED @ https://googleads.g.doubleclick.net/pagead/id:0
[ 4511206ms] [ERROR] Failed to load resource: net::ERR_NAME_NOT_RESOLVED @ https://googleads.g.doubleclick.net/pagead/viewthroughconversion/962985656/?backend=innertube&cname=56&cver=2_20260410&foc_id=5FqCllc0jXW_I7ix5jRIQA&label=followon_view&ptype=no_rmkt&random=607048521&cv_attributed=0:0
[ 4514811ms] [ERROR] Failed to load resource: net::ERR_NAME_NOT_RESOLVED @ https://googleads.g.doubleclick.net/pagead/id:0
[ 4514850ms] [ERROR] Failed to load resource: net::ERR_NAME_NOT_RESOLVED @ https://static.doubleclick.net/instream/ad_status.js:0
[ 4515973ms] [ERROR] Failed to load resource: net::ERR_NAME_NOT_RESOLVED @ https://static.doubleclick.net/instream/ad_status.js:0
[ 4515973ms] [ERROR] Failed to load resource: net::ERR_NAME_NOT_RESOLVED @ https://googleads.g.doubleclick.net/pagead/id:0
[ 4517305ms] [ERROR] Failed to load resource: net::ERR_NAME_NOT_RESOLVED @ https://static.doubleclick.net/instream/ad_status.js:0
[ 4517306ms] [ERROR] Failed to load resource: net::ERR_NAME_NOT_RESOLVED @ https://googleads.g.doubleclick.net/pagead/id:0
[ 4522792ms] [ERROR] Failed to load resource: net::ERR_NAME_NOT_RESOLVED @ https://static.doubleclick.net/instream/ad_status.js:0
[ 4522793ms] [ERROR] Failed to load resource: net::ERR_NAME_NOT_RESOLVED @ https://googleads.g.doubleclick.net/pagead/id:0
[ 4523913ms] [ERROR] Failed to load resource: net::ERR_NAME_NOT_RESOLVED @ https://googleads.g.doubleclick.net/pagead/id:0
[ 4523913ms] [ERROR] Failed to load resource: net::ERR_NAME_NOT_RESOLVED @ https://static.doubleclick.net/instream/ad_status.js:0
[ 4525056ms] [ERROR] Failed to load resource: net::ERR_NAME_NOT_RESOLVED @ https://static.doubleclick.net/instream/ad_status.js:0
[ 4525056ms] [ERROR] Failed to load resource: net::ERR_NAME_NOT_RESOLVED @ https://googleads.g.doubleclick.net/pagead/id:0
[ 4530470ms] [ERROR] Failed to load resource: net::ERR_NAME_NOT_RESOLVED @ https://static.doubleclick.net/instream/ad_status.js:0
[ 4530471ms] [ERROR] Failed to load resource: net::ERR_NAME_NOT_RESOLVED @ https://googleads.g.doubleclick.net/pagead/id:0
[ 4531676ms] [ERROR] Failed to load resource: net::ERR_NAME_NOT_RESOLVED @ https://static.doubleclick.net/instream/ad_status.js:0
[ 4531676ms] [ERROR] Failed to load resource: net::ERR_NAME_NOT_RESOLVED @ https://googleads.g.doubleclick.net/pagead/id:0
[ 4532983ms] [ERROR] Failed to load resource: net::ERR_NAME_NOT_RESOLVED @ https://static.doubleclick.net/instream/ad_status.js:0
[ 4532983ms] [ERROR] Failed to load resource: net::ERR_NAME_NOT_RESOLVED @ https://googleads.g.doubleclick.net/pagead/id:0
[ 4538452ms] [ERROR] Failed to load resource: net::ERR_NAME_NOT_RESOLVED @ https://static.doubleclick.net/instream/ad_status.js:0
[ 4538452ms] [ERROR] Failed to load resource: net::ERR_NAME_NOT_RESOLVED @ https://googleads.g.doubleclick.net/pagead/id:0
[ 4539704ms] [ERROR] Failed to load resource: net::ERR_NAME_NOT_RESOLVED @ https://googleads.g.doubleclick.net/pagead/id:0
[ 4539704ms] [ERROR] Failed to load resource: net::ERR_NAME_NOT_RESOLVED @ https://static.doubleclick.net/instream/ad_status.js:0
[ 4541879ms] [ERROR] Failed to load resource: net::ERR_NAME_NOT_RESOLVED @ https://static.doubleclick.net/instream/ad_status.js:0
[ 4541880ms] [ERROR] Failed to load resource: net::ERR_NAME_NOT_RESOLVED @ https://googleads.g.doubleclick.net/pagead/id:0
[ 4543136ms] [ERROR] Failed to load resource: net::ERR_NAME_NOT_RESOLVED @ https://static.doubleclick.net/instream/ad_status.js:0
[ 4543137ms] [ERROR] Failed to load resource: net::ERR_NAME_NOT_RESOLVED @ https://googleads.g.doubleclick.net/pagead/id:0
[ 4548616ms] [ERROR] Failed to load resource: net::ERR_NAME_NOT_RESOLVED @ https://static.doubleclick.net/instream/ad_status.js:0
[ 4548617ms] [ERROR] Failed to load resource: net::ERR_NAME_NOT_RESOLVED @ https://googleads.g.doubleclick.net/pagead/id:0
[ 4549692ms] [ERROR] Failed to load resource: net::ERR_NAME_NOT_RESOLVED @ https://static.doubleclick.net/instream/ad_status.js:0
[ 4549693ms] [ERROR] Failed to load resource: net::ERR_NAME_NOT_RESOLVED @ https://googleads.g.doubleclick.net/pagead/id:0
[ 4550858ms] [WARNING] Failed to execute 'postMessage' on 'DOMWindow': The target origin provided ('https://www.youtube.com') does not match the recipient window's origin ('http://127.0.0.1:4000'). @ https://www.youtube.com/s/player/8a6e7bc4/www-widgetapi.vflset/www-widgetapi.js:209
[   28974ms] [ERROR] Failed to load resource: net::ERR_NAME_NOT_RESOLVED @ https://googleads.g.doubleclick.net/pagead/id:0
[   28974ms] [ERROR] Failed to load resource: net::ERR_NAME_NOT_RESOLVED @ https://static.doubleclick.net/instream/ad_status.js:0
[   55640ms] [ERROR] Failed to load resource: net::ERR_NAME_NOT_RESOLVED @ https://googleads.g.doubleclick.net/pagead/id:0
[   55640ms] [ERROR] Failed to load resource: net::ERR_NAME_NOT_RESOLVED @ https://static.doubleclick.net/instream/ad_status.js:0
[   55682ms] [ERROR] Failed to load resource: net::ERR_NAME_NOT_RESOLVED @ https://static.doubleclick.net/instream/ad_status.js:0
[   55683ms] [ERROR] Failed to load resource: net::ERR_NAME_NOT_RESOLVED @ https://googleads.g.doubleclick.net/pagead/id:0
[   61060ms] [ERROR] Failed to load resource: net::ERR_NAME_NOT_RESOLVED @ https://googleads.g.doubleclick.net/pagead/id:0
[   61060ms] [ERROR] Failed to load resource: net::ERR_NAME_NOT_RESOLVED @ https://static.doubleclick.net/instream/ad_status.js:0
[   66400ms] [ERROR] Failed to load resource: net::ERR_NAME_NOT_RESOLVED @ https://googleads.g.doubleclick.net/pagead/id:0
[   66400ms] [ERROR] Failed to load resource: net::ERR_NAME_NOT_RESOLVED @ https://static.doubleclick.net/instream/ad_status.js:0
[   71850ms] [ERROR] Failed to load resource: net::ERR_NAME_NOT_RESOLVED @ https://googleads.g.doubleclick.net/pagead/id:0
[   71850ms] [ERROR] Failed to load resource: net::ERR_NAME_NOT_RESOLVED @ https://static.doubleclick.net/instream/ad_status.js:0
[   77308ms] [ERROR] Failed to load resource: net::ERR_NAME_NOT_RESOLVED @ https://static.doubleclick.net/instream/ad_status.js:0
[   77309ms] [ERROR] Failed to load resource: net::ERR_NAME_NOT_RESOLVED @ https://googleads.g.doubleclick.net/pagead/id:0
[   82649ms] [ERROR] Failed to load resource: net::ERR_NAME_NOT_RESOLVED @ https://googleads.g.doubleclick.net/pagead/id:0
[   82650ms] [ERROR] Failed to load resource: net::ERR_NAME_NOT_RESOLVED @ https://static.doubleclick.net/instream/ad_status.js:0
[   88015ms] [ERROR] Failed to load resource: net::ERR_NAME_NOT_RESOLVED @ https://googleads.g.doubleclick.net/pagead/id:0
[   88015ms] [ERROR] Failed to load resource: net::ERR_NAME_NOT_RESOLVED @ https://static.doubleclick.net/instream/ad_status.js:0
[   93591ms] [ERROR] Failed to load resource: net::ERR_NAME_NOT_RESOLVED @ https://static.doubleclick.net/instream/ad_status.js:0
[   93591ms] [ERROR] Failed to load resource: net::ERR_NAME_NOT_RESOLVED @ https://googleads.g.doubleclick.net/pagead/id:0
[   98946ms] [ERROR] Failed to load resource: net::ERR_NAME_NOT_RESOLVED @ https://googleads.g.doubleclick.net/pagead/id:0
[   98946ms] [ERROR] Failed to load resource: net::ERR_NAME_NOT_RESOLVED @ https://static.doubleclick.net/instream/ad_status.js:0
[  104772ms] [ERROR] Failed to load resource: net::ERR_NAME_NOT_RESOLVED @ https://static.doubleclick.net/instream/ad_status.js:0
[  104772ms] [ERROR] Failed to load resource: net::ERR_NAME_NOT_RESOLVED @ https://googleads.g.doubleclick.net/pagead/id:0
[  110139ms] [ERROR] Failed to load resource: net::ERR_NAME_NOT_RESOLVED @ https://static.doubleclick.net/instream/ad_status.js:0
[  110139ms] [ERROR] Failed to load resource: net::ERR_NAME_NOT_RESOLVED @ https://googleads.g.doubleclick.net/pagead/id:0
[  115664ms] [ERROR] Failed to load resource: net::ERR_NAME_NOT_RESOLVED @ https://static.doubleclick.net/instream/ad_status.js:0
[  115664ms] [ERROR] Failed to load resource: net::ERR_NAME_NOT_RESOLVED @ https://googleads.g.doubleclick.net/pagead/id:0
[  121007ms] [ERROR] Failed to load resource: net::ERR_NAME_NOT_RESOLVED @ https://googleads.g.doubleclick.net/pagead/id:0
[  121007ms] [ERROR] Failed to load resource: net::ERR_NAME_NOT_RESOLVED @ https://static.doubleclick.net/instream/ad_status.js:0
[  126370ms] [ERROR] Failed to load resource: net::ERR_NAME_NOT_RESOLVED @ https://googleads.g.doubleclick.net/pagead/id:0
[  126370ms] [ERROR] Failed to load resource: net::ERR_NAME_NOT_RESOLVED @ https://static.doubleclick.net/instream/ad_status.js:0
[  131713ms] [ERROR] Failed to load resource: net::ERR_NAME_NOT_RESOLVED @ https://static.doubleclick.net/instream/ad_status.js:0
[  131714ms] [ERROR] Failed to load resource: net::ERR_NAME_NOT_RESOLVED @ https://googleads.g.doubleclick.net/pagead/id:0
[  137082ms] [ERROR] Failed to load resource: net::ERR_NAME_NOT_RESOLVED @ https://googleads.g.doubleclick.net/pagead/id:0
[  137082ms] [ERROR] Failed to load resource: net::ERR_NAME_NOT_RESOLVED @ https://static.doubleclick.net/instream/ad_status.js:0
[  139042ms] [ERROR] Failed to load resource: net::ERR_NAME_NOT_RESOLVED @ https://googleads.g.doubleclick.net/pagead/id:0
[  139042ms] [ERROR] Failed to load resource: net::ERR_NAME_NOT_RESOLVED @ https://static.doubleclick.net/instream/ad_status.js:0
[  139119ms] [ERROR] Failed to load resource: net::ERR_NAME_NOT_RESOLVED @ https://googleads.g.doubleclick.net/pagead/id:0
[  139119ms] [ERROR] Failed to load resource: net::ERR_NAME_NOT_RESOLVED @ https://static.doubleclick.net/instream/ad_status.js:0
[  139192ms] [ERROR] Failed to load resource: net::ERR_NAME_NOT_RESOLVED @ https://static.doubleclick.net/instream/ad_status.js:0
[  139193ms] [ERROR] Failed to load resource: net::ERR_NAME_NOT_RESOLVED @ https://googleads.g.doubleclick.net/pagead/id:0
[  144468ms] [ERROR] Failed to load resource: net::ERR_NAME_NOT_RESOLVED @ https://googleads.g.doubleclick.net/pagead/id:0
[  144468ms] [ERROR] Failed to load resource: net::ERR_NAME_NOT_RESOLVED @ https://static.doubleclick.net/instream/ad_status.js:0
[  149814ms] [ERROR] Failed to load resource: net::ERR_NAME_NOT_RESOLVED @ https://googleads.g.doubleclick.net/pagead/id:0
[  149814ms] [ERROR] Failed to load resource: net::ERR_NAME_NOT_RESOLVED @ https://static.doubleclick.net/instream/ad_status.js:0
[  155140ms] [ERROR] Failed to load resource: net::ERR_NAME_NOT_RESOLVED @ https://googleads.g.doubleclick.net/pagead/id:0
[  155140ms] [ERROR] Failed to load resource: net::ERR_NAME_NOT_RESOLVED @ https://static.doubleclick.net/instream/ad_status.js:0
[  160469ms] [ERROR] Failed to load resource: net::ERR_NAME_NOT_RESOLVED @ https://static.doubleclick.net/instream/ad_status.js:0
[  160470ms] [ERROR] Failed to load resource: net::ERR_NAME_NOT_RESOLVED @ https://googleads.g.doubleclick.net/pagead/id:0
[  165810ms] [ERROR] Failed to load resource: net::ERR_NAME_NOT_RESOLVED @ https://googleads.g.doubleclick.net/pagead/id:0
[  165810ms] [ERROR] Failed to load resource: net::ERR_NAME_NOT_RESOLVED @ https://static.doubleclick.net/instream/ad_status.js:0
[  171144ms] [ERROR] Failed to load resource: net::ERR_NAME_NOT_RESOLVED @ https://googleads.g.doubleclick.net/pagead/id:0
[  171144ms] [ERROR] Failed to load resource: net::ERR_NAME_NOT_RESOLVED @ https://static.doubleclick.net/instream/ad_status.js:0
[  173723ms] [ERROR] Failed to load resource: net::ERR_NAME_NOT_RESOLVED @ https://googleads.g.doubleclick.net/pagead/id:0
[  173723ms] [ERROR] Failed to load resource: net::ERR_NAME_NOT_RESOLVED @ https://static.doubleclick.net/instream/ad_status.js:0
[  259058ms] [ERROR] Failed to load resource: net::ERR_NAME_NOT_RESOLVED @ https://googleads.g.doubleclick.net/pagead/id:0
[  259206ms] [ERROR] Failed to load resource: net::ERR_NAME_NOT_RESOLVED @ https://googleads.g.doubleclick.net/pagead/id:0
[  293735ms] [ERROR] Failed to load resource: net::ERR_NAME_NOT_RESOLVED @ https://googleads.g.doubleclick.net/pagead/id:0
[  379071ms] [ERROR] Failed to load resource: net::ERR_NAME_NOT_RESOLVED @ https://googleads.g.doubleclick.net/pagead/id:0
[  379213ms] [ERROR] Failed to load resource: net::ERR_NAME_NOT_RESOLVED @ https://googleads.g.doubleclick.net/pagead/id:0
[  413745ms] [ERROR] Failed to load resource: net::ERR_NAME_NOT_RESOLVED @ https://googleads.g.doubleclick.net/pagead/id:0
[ 4511206ms] [ERROR] Failed to load resource: net::ERR_NAME_NOT_RESOLVED @ https://googleads.g.doubleclick.net/pagead/viewthroughconversion/962985656/?backend=innertube&cname=56&cver=2_20260410&foc_id=5FqCllc0jXW_I7ix5jRIQA&label=followon_view&ptype=no_rmkt&random=607048521&cv_attributed=0:0
[ 4514811ms] [ERROR] Failed to load resource: net::ERR_NAME_NOT_RESOLVED @ https://googleads.g.doubleclick.net/pagead/id:0
[ 4514850ms] [ERROR] Failed to load resource: net::ERR_NAME_NOT_RESOLVED @ https://static.doubleclick.net/instream/ad_status.js:0
[ 4515973ms] [ERROR] Failed to load resource: net::ERR_NAME_NOT_RESOLVED @ https://static.doubleclick.net/instream/ad_status.js:0
[ 4515973ms] [ERROR] Failed to load resource: net::ERR_NAME_NOT_RESOLVED @ https://googleads.g.doubleclick.net/pagead/id:0
[ 4517305ms] [ERROR] Failed to load resource: net::ERR_NAME_NOT_RESOLVED @ https://static.doubleclick.net/instream/ad_status.js:0
[ 4517306ms] [ERROR] Failed to load resource: net::ERR_NAME_NOT_RESOLVED @ https://googleads.g.doubleclick.net/pagead/id:0
[ 4522792ms] [ERROR] Failed to load resource: net::ERR_NAME_NOT_RESOLVED @ https://static.doubleclick.net/instream/ad_status.js:0
[ 4522793ms] [ERROR] Failed to load resource: net::ERR_NAME_NOT_RESOLVED @ https://googleads.g.doubleclick.net/pagead/id:0
[ 4523913ms] [ERROR] Failed to load resource: net::ERR_NAME_NOT_RESOLVED @ https://googleads.g.doubleclick.net/pagead/id:0
[ 4523913ms] [ERROR] Failed to load resource: net::ERR_NAME_NOT_RESOLVED @ https://static.doubleclick.net/instream/ad_status.js:0
[ 4525056ms] [ERROR] Failed to load resource: net::ERR_NAME_NOT_RESOLVED @ https://static.doubleclick.net/instream/ad_status.js:0
[ 4525056ms] [ERROR] Failed to load resource: net::ERR_NAME_NOT_RESOLVED @ https://googleads.g.doubleclick.net/pagead/id:0
[ 4530470ms] [ERROR] Failed to load resource: net::ERR_NAME_NOT_RESOLVED @ https://static.doubleclick.net/instream/ad_status.js:0
[ 4530471ms] [ERROR] Failed to load resource: net::ERR_NAME_NOT_RESOLVED @ https://googleads.g.doubleclick.net/pagead/id:0
[ 4531676ms] [ERROR] Failed to load resource: net::ERR_NAME_NOT_RESOLVED @ https://static.doubleclick.net/instream/ad_status.js:0
[ 4531676ms] [ERROR] Failed to load resource: net::ERR_NAME_NOT_RESOLVED @ https://googleads.g.doubleclick.net/pagead/id:0
[ 4532983ms] [ERROR] Failed to load resource: net::ERR_NAME_NOT_RESOLVED @ https://static.doubleclick.net/instream/ad_status.js:0
[ 4532983ms] [ERROR] Failed to load resource: net::ERR_NAME_NOT_RESOLVED @ https://googleads.g.doubleclick.net/pagead/id:0
[ 4538452ms] [ERROR] Failed to load resource: net::ERR_NAME_NOT_RESOLVED @ https://static.doubleclick.net/instream/ad_status.js:0
[ 4538452ms] [ERROR] Failed to load resource: net::ERR_NAME_NOT_RESOLVED @ https://googleads.g.doubleclick.net/pagead/id:0
[ 4539704ms] [ERROR] Failed to load resource: net::ERR_NAME_NOT_RESOLVED @ https://googleads.g.doubleclick.net/pagead/id:0
[ 4539704ms] [ERROR] Failed to load resource: net::ERR_NAME_NOT_RESOLVED @ https://static.doubleclick.net/instream/ad_status.js:0
[ 4541879ms] [ERROR] Failed to load resource: net::ERR_NAME_NOT_RESOLVED @ https://static.doubleclick.net/instream/ad_status.js:0
[ 4541880ms] [ERROR] Failed to load resource: net::ERR_NAME_NOT_RESOLVED @ https://googleads.g.doubleclick.net/pagead/id:0
[ 4543136ms] [ERROR] Failed to load resource: net::ERR_NAME_NOT_RESOLVED @ https://static.doubleclick.net/instream/ad_status.js:0
[ 4543137ms] [ERROR] Failed to load resource: net::ERR_NAME_NOT_RESOLVED @ https://googleads.g.doubleclick.net/pagead/id:0
[ 4548616ms] [ERROR] Failed to load resource: net::ERR_NAME_NOT_RESOLVED @ https://static.doubleclick.net/instream/ad_status.js:0
[ 4548617ms] [ERROR] Failed to load resource: net::ERR_NAME_NOT_RESOLVED @ https://googleads.g.doubleclick.net/pagead/id:0
[ 4549692ms] [ERROR] Failed to load resource: net::ERR_NAME_NOT_RESOLVED @ https://static.doubleclick.net/instream/ad_status.js:0
[ 4549693ms] [ERROR] Failed to load resource: net::ERR_NAME_NOT_RESOLVED @ https://googleads.g.doubleclick.net/pagead/id:0
[ 4550991ms] [ERROR] Failed to load resource: net::ERR_NAME_NOT_RESOLVED @ https://googleads.g.doubleclick.net/pagead/id:0
[ 4550991ms] [ERROR] Failed to load resource: net::ERR_NAME_NOT_RESOLVED @ https://static.doubleclick.net/instream/ad_status.js:0
